ID,Sites,Abundance
t645951833,Stool (prevalence),0.512195121951
t649989952,Stool (prevalence),0.0121951219512
t643886057,Stool (prevalence),0
t649989969,Stool (prevalence),0
t649989906,Stool (prevalence),0.0243902439024
t648276710,Stool (prevalence),0.0243902439024
t647000231,Stool (prevalence),0
t643886217,Stool (prevalence),0.0243902439024
t648028033,Stool (prevalence),0
t649989996,Stool (prevalence),0
t648276634,Stool (prevalence),0.0121951219512
t643886009,Stool (prevalence),0
t643886110,Stool (prevalence),0.121951219512
t649990021,Stool (prevalence),0.341463414634
t649989989,Stool (prevalence),0
t645058761,Stool (prevalence),0.0487804878049
t645058712,Stool (prevalence),0
t645058788,Stool (prevalence),0.475609756098
t643886111,Stool (prevalence),0.609756097561
t641228498,Stool (prevalence),0
t646564572,Stool (prevalence),0
t641736205,Stool (prevalence),0.890243902439
t646206250,Stool (prevalence),0.256097560976
t639633010,Stool (prevalence),0.573170731707
t642979306,Stool (prevalence),0
t641736193,Stool (prevalence),0.0975609756098
t642979320,Stool (prevalence),0.0975609756098
t647000268,Stool (prevalence),0
t643886010,Stool (prevalence),0
t643886194,Stool (prevalence),0
t647000284,Stool (prevalence),0
t644736390,Stool (prevalence),0
t640753011,Stool (prevalence),0.170731707317
t643886139,Stool (prevalence),0.0365853658537
t643886200,Stool (prevalence),0.19512195122
t643886074,Stool (prevalence),0.329268292683
t647533181,Stool (prevalence),0
t643886019,Stool (prevalence),0
t640963058,Stool (prevalence),0.0731707317073
t645951869,Stool (prevalence),0
t645951804,Stool (prevalence),0
t638341196,Stool (prevalence),0.0121951219512
t644736382,Stool (prevalence),0
t649990007,Stool (prevalence),0.317073170732
t649989928,Stool (prevalence),0.0121951219512
t649989912,Stool (prevalence),0.463414634146
t641522650,Stool (prevalence),0.0243902439024
t642555104,Stool (prevalence),0.59756097561
t641736196,Stool (prevalence),0.658536585366
t651053056,Stool (prevalence),0
t649990003,Stool (prevalence),0.390243902439
t638341112,Stool (prevalence),0
t640753047,Stool (prevalence),0
t639279312,Stool (prevalence),0
t640612206,Stool (prevalence),0.743902439024
t637000271,Stool (prevalence),0
t646862342,Stool (prevalence),0.0121951219512
t641736271,Stool (prevalence),0.829268292683
t649989901,Stool (prevalence),0
t638341158,Stool (prevalence),0
t642979313,Stool (prevalence),0.268292682927
t646564575,Stool (prevalence),0.0121951219512
t648028043,Stool (prevalence),0.0121951219512
t645951817,Stool (prevalence),0.0975609756098
t647000288,Stool (prevalence),0
t648276734,Stool (prevalence),0.69512195122
t649989988,Stool (prevalence),0.0121951219512
t643886015,Stool (prevalence),0
t643886181,Stool (prevalence),0
t649989982,Stool (prevalence),0.0487804878049
t649633078,Stool (prevalence),0.743902439024
t647533210,Stool (prevalence),0
t648028055,Stool (prevalence),0.0243902439024
t646862322,Stool (prevalence),0.670731707317
t640753001,Stool (prevalence),0
t649633084,Stool (prevalence),0.0121951219512
t647000295,Stool (prevalence),0.0731707317073
t646311941,Stool (prevalence),0
t641228495,Stool (prevalence),0
t642979369,Stool (prevalence),0.439024390244
t646206275,Stool (prevalence),0
t642791613,Stool (prevalence),0.146341463415
t637000284,Stool (prevalence),0.0121951219512
t649989950,Stool (prevalence),0
t647000207,Stool (prevalence),0.0121951219512
t646311928,Stool (prevalence),0.0365853658537
t641380447,Stool (prevalence),0.829268292683
t646206268,Stool (prevalence),0
t647000215,Stool (prevalence),0.951219512195
t643886197,Stool (prevalence),0.0487804878049
t643886058,Stool (prevalence),0
t643886039,Stool (prevalence),0
t650377943,Stool (prevalence),0.585365853659
t642979370,Stool (prevalence),0.719512195122
t648028010,Stool (prevalence),0
t646564552,Stool (prevalence),0
t644736327,Stool (prevalence),0.0487804878049
t646311956,Stool (prevalence),0
t637000281,Stool (prevalence),0.0121951219512
t643692016,Stool (prevalence),0.0365853658537
t642979356,Stool (prevalence),0.914634146341
t639633048,Stool (prevalence),0
t639633027,Stool (prevalence),0.0243902439024
t640069321,Stool (prevalence),0
t641228489,Stool (prevalence),0
t650377963,Stool (prevalence),0.0121951219512
t648276633,Stool (prevalence),0
t649990016,Stool (prevalence),0.134146341463
t642791604,Stool (prevalence),0.719512195122
t645951831,Stool (prevalence),0.975609756098
t648276739,Stool (prevalence),0.0487804878049
t643886084,Stool (prevalence),0
t643886188,Stool (prevalence),0
t643886070,Stool (prevalence),0
t640753009,Stool (prevalence),0.0609756097561
t637000095,Stool (prevalence),0.975609756098
t646206251,Stool (prevalence),0.634146341463
t641736189,Stool (prevalence),0.0243902439024
t648276716,Stool (prevalence),0
t647533172,Stool (prevalence),0.0243902439024
t642979305,Stool (prevalence),0
t649633041,Stool (prevalence),0.0365853658537
t643886040,Stool (prevalence),0.219512195122
t641380427,Stool (prevalence),0.926829268293
t643886198,Stool (prevalence),0
t644736346,Stool (prevalence),0.0121951219512
t637000077,Stool (prevalence),0.0243902439024
t649990026,Stool (prevalence),0
t643692019,Stool (prevalence),0
t651053029,Stool (prevalence),0.0243902439024
t646311937,Stool (prevalence),0.0121951219512
t641522641,Stool (prevalence),0
t650377974,Stool (prevalence),0
t640963025,Stool (prevalence),0.987804878049
t641522638,Stool (prevalence),0
t643886151,Stool (prevalence),0
t640963014,Stool (prevalence),0.975609756098
t643886050,Stool (prevalence),0
t648276713,Stool (prevalence),0.0121951219512
t649989922,Stool (prevalence),0.40243902439
t643886006,Stool (prevalence),0.914634146341
t647000289,Stool (prevalence),0.0243902439024
t646206271,Stool (prevalence),0
t643886045,Stool (prevalence),0.0365853658537
t643886008,Stool (prevalence),0
t650377929,Stool (prevalence),0.0243902439024
t645951825,Stool (prevalence),0.0243902439024
t649633093,Stool (prevalence),0.0609756097561
t643886150,Stool (prevalence),0.0121951219512
t648276747,Stool (prevalence),0
t640069308,Stool (prevalence),0.0243902439024
t643692022,Stool (prevalence),0.0121951219512
t650377901,Stool (prevalence),0
t647000292,Stool (prevalence),0.134146341463
t640753055,Stool (prevalence),0.0731707317073
t644736366,Stool (prevalence),0.90243902439
t645951840,Stool (prevalence),0
t646206269,Stool (prevalence),0
t648276732,Stool (prevalence),0.0121951219512
t637000092,Stool (prevalence),0
t643886145,Stool (prevalence),0.0121951219512
t637000046,Stool (prevalence),0
t641736171,Stool (prevalence),0.0121951219512
t651053005,Stool (prevalence),0.0243902439024
t643886113,Stool (prevalence),0
t651053058,Stool (prevalence),0.19512195122
t649989971,Stool (prevalence),0.0975609756098
t639633028,Stool (prevalence),0.0365853658537
t645951848,Stool (prevalence),0
t650377944,Stool (prevalence),0.0243902439024
t640753008,Stool (prevalence),0.878048780488
t648276674,Stool (prevalence),0.0243902439024
t645951859,Stool (prevalence),0.0121951219512
t644736324,Stool (prevalence),0.0243902439024
t649633075,Stool (prevalence),0
t642979321,Stool (prevalence),0.0731707317073
t642979319,Stool (prevalence),0.707317073171
t637000227,Stool (prevalence),0
t648276712,Stool (prevalence),0.0365853658537
t647000290,Stool (prevalence),0.0121951219512
t643886024,Stool (prevalence),0
t643348515,Stool (prevalence),0.0365853658537
t651324039,Stool (prevalence),0.756097560976
t647000254,Stool (prevalence),0
t640753010,Stool (prevalence),0.0121951219512
t642555148,Stool (prevalence),0
t643692018,Stool (prevalence),0
t641380421,Stool (prevalence),0.121951219512
t647000293,Stool (prevalence),0.19512195122
t643886203,Stool (prevalence),0.914634146341
t647533146,Stool (prevalence),0.0365853658537
t643886199,Stool (prevalence),0.365853658537
t640963057,Stool (prevalence),0.841463414634
t643886193,Stool (prevalence),0
t649633012,Stool (prevalence),0.0853658536585
t642979371,Stool (prevalence),0.0121951219512
t645951802,Stool (prevalence),0
t647000283,Stool (prevalence),0
t650377938,Stool (prevalence),0.621951219512
t643886063,Stool (prevalence),0.0243902439024
t642979359,Stool (prevalence),0.0365853658537
t645951834,Stool (prevalence),0.0975609756098
t640963022,Stool (prevalence),0.841463414634
t640069315,Stool (prevalence),0.40243902439
t645951836,Stool (prevalence),0
t645058800,Stool (prevalence),0.0609756097561
t637000026,Stool (prevalence),0.69512195122
t649990011,Stool (prevalence),0.0365853658537
t642979358,Stool (prevalence),0.317073170732
t644736358,Stool (prevalence),0.524390243902
t649990001,Stool (prevalence),0.0365853658537
t648861012,Stool (prevalence),0
t645951810,Stool (prevalence),0
t648276749,Stool (prevalence),0
t648276715,Stool (prevalence),0.109756097561
t649633064,Stool (prevalence),0
t650633000,Stool (prevalence),0.268292682927
t640963023,Stool (prevalence),0.69512195122
t640753048,Stool (prevalence),0
t650377975,Stool (prevalence),0.0121951219512
t643886143,Stool (prevalence),0.878048780488
t649990014,Stool (prevalence),0.256097560976
t649989986,Stool (prevalence),0.0121951219512
t648028051,Stool (prevalence),0.0365853658537
t645951837,Stool (prevalence),0
t645951835,Stool (prevalence),0.439024390244
t651324012,Stool (prevalence),0.914634146341
t645058738,Stool (prevalence),0
t649633094,Stool (prevalence),0.682926829268
t643886148,Stool (prevalence),0
t646206276,Stool (prevalence),0
t643886142,Stool (prevalence),0.121951219512
t645951860,Stool (prevalence),0
t648028018,Stool (prevalence),0.0487804878049
t645058720,Stool (prevalence),0
t643886206,Stool (prevalence),0.30487804878
t650716089,Stool (prevalence),0.768292682927
t643886107,Stool (prevalence),0.19512195122
t648276684,Stool (prevalence),0
t642979351,Stool (prevalence),0.134146341463
t643886208,Stool (prevalence),0
t646311946,Stool (prevalence),0.0121951219512
t650716045,Stool (prevalence),0.0243902439024
t640963046,Stool (prevalence),0.878048780488
t641736156,Stool (prevalence),0
t646206254,Stool (prevalence),0.0243902439024
t640963016,Stool (prevalence),0.743902439024
t651053073,Stool (prevalence),0.5
t650377966,Stool (prevalence),0.646341463415
t641380422,Stool (prevalence),0.158536585366
t637000127,Stool (prevalence),0
t645058865,Stool (prevalence),0
t642555160,Stool (prevalence),0
t642979368,Stool (prevalence),0
t646311901,Stool (prevalence),0.0731707317073
t642555169,Stool (prevalence),0
t647000302,Stool (prevalence),0.0243902439024
t649989970,Stool (prevalence),0
t645058834,Stool (prevalence),0.0365853658537
t650377904,Stool (prevalence),0.914634146341
t640753039,Stool (prevalence),0.439024390244
t649633013,Stool (prevalence),0.109756097561
t648028005,Stool (prevalence),0
t644736367,Stool (prevalence),0.975609756098
t643348560,Stool (prevalence),0.109756097561
t643886109,Stool (prevalence),0.0243902439024
t648276753,Stool (prevalence),0.451219512195
t637000226,Stool (prevalence),0
t649989999,Stool (prevalence),0.170731707317
t642555133,Stool (prevalence),0
t640427121,Stool (prevalence),0.231707317073
t647000218,Stool (prevalence),0.0243902439024
t648276682,Stool (prevalence),0.0365853658537
t637000332,Stool (prevalence),0
t647533194,Stool (prevalence),0.0121951219512
t645951855,Stool (prevalence),0
t643886116,Stool (prevalence),0.878048780488
t648028047,Stool (prevalence),0
t642979361,Stool (prevalence),0.0487804878049
t642555107,Stool (prevalence),0.658536585366
t650377958,Stool (prevalence),0.0609756097561
t642979367,Stool (prevalence),0.0121951219512
t649989905,Stool (prevalence),0.0121951219512
t641736133,Stool (prevalence),0.914634146341
t643886146,Stool (prevalence),0.341463414634
t644736381,Stool (prevalence),0
t642979316,Stool (prevalence),0.121951219512
t643886103,Stool (prevalence),0.817073170732
t637000302,Stool (prevalence),0.548780487805
t647533178,Stool (prevalence),0.0243902439024
t641736227,Stool (prevalence),0.30487804878
t649989956,Stool (prevalence),0
t638341202,Stool (prevalence),0.0121951219512
t645058705,Stool (prevalence),0
t649989980,Stool (prevalence),0
t641522636,Stool (prevalence),0
t647533186,Stool (prevalence),0
t640069327,Stool (prevalence),0
t640963024,Stool (prevalence),0.975609756098
t643886112,Stool (prevalence),0.634146341463
t642791621,Stool (prevalence),0.426829268293
t649989987,Stool (prevalence),0
t645951819,Stool (prevalence),0
t641736113,Stool (prevalence),0.463414634146
t650377954,Stool (prevalence),0.0243902439024
t649989920,Stool (prevalence),0
t650377925,Stool (prevalence),0.69512195122
t647533156,Stool (prevalence),0.0121951219512
t637000327,Stool (prevalence),0
t643886055,Stool (prevalence),0
t642979312,Stool (prevalence),0.134146341463
t641380428,Stool (prevalence),0.634146341463
t645058748,Stool (prevalence),0
t643886104,Stool (prevalence),0.109756097561
t640427143,Stool (prevalence),0.0121951219512
t645058719,Stool (prevalence),0
t647533176,Stool (prevalence),0.0243902439024
t645951857,Stool (prevalence),0
t637000203,Stool (prevalence),0
t645058825,Stool (prevalence),0.0121951219512
t649989917,Stool (prevalence),0.768292682927
t647000331,Stool (prevalence),0.609756097561
t641736197,Stool (prevalence),0.573170731707
t645951808,Stool (prevalence),0
t649989993,Stool (prevalence),0
t651324009,Stool (prevalence),0
t649989985,Stool (prevalence),0.170731707317
t644736384,Stool (prevalence),0
t649990004,Stool (prevalence),0.0365853658537
t637000163,Stool (prevalence),0.0243902439024
t646206270,Stool (prevalence),0
t637000221,Stool (prevalence),0.0121951219512
t649989912,Cheek (prevalence),0
t642979306,Cheek (prevalence),0
t640753047,Cheek (prevalence),0
t649989988,Cheek (prevalence),0.142857142857
t638341158,Cheek (prevalence),0
t649989952,Cheek (prevalence),0.968253968254
t645058761,Cheek (prevalence),0
t649990007,Cheek (prevalence),1
t644736390,Cheek (prevalence),0
t646311928,Cheek (prevalence),0
t646862322,Cheek (prevalence),0.047619047619
t646206268,Cheek (prevalence),0
t648028033,Cheek (prevalence),0
t646206250,Cheek (prevalence),0
t649990003,Cheek (prevalence),0.984126984127
t640963058,Cheek (prevalence),0.936507936508
t650377943,Cheek (prevalence),0
t646206275,Cheek (prevalence),0
t648028010,Cheek (prevalence),0
t642791604,Cheek (prevalence),0
t643886194,Cheek (prevalence),0.84126984127
t641736271,Cheek (prevalence),0
t647533210,Cheek (prevalence),0.111111111111
t643692016,Cheek (prevalence),0
t643886070,Cheek (prevalence),0.0793650793651
t639633048,Cheek (prevalence),0.031746031746
t637000095,Cheek (prevalence),0.111111111111
t647533181,Cheek (prevalence),0.015873015873
t647000288,Cheek (prevalence),0
t641228495,Cheek (prevalence),0.015873015873
t648276633,Cheek (prevalence),0
t642979305,Cheek (prevalence),0.873015873016
t645951833,Cheek (prevalence),0.539682539683
t643886040,Cheek (prevalence),0
t643886057,Cheek (prevalence),0
t649989969,Cheek (prevalence),0.015873015873
t649989906,Cheek (prevalence),0.920634920635
t648276710,Cheek (prevalence),0
t647000231,Cheek (prevalence),0
t643886217,Cheek (prevalence),0
t651053029,Cheek (prevalence),0.015873015873
t649989996,Cheek (prevalence),0.0634920634921
t648276634,Cheek (prevalence),0.84126984127
t643886009,Cheek (prevalence),0.365079365079
t643886110,Cheek (prevalence),0
t649990021,Cheek (prevalence),0.015873015873
t649989989,Cheek (prevalence),0.587301587302
t640963014,Cheek (prevalence),0
t645058712,Cheek (prevalence),0
t645058788,Cheek (prevalence),0
t643886111,Cheek (prevalence),0.031746031746
t641228498,Cheek (prevalence),0.428571428571
t646564572,Cheek (prevalence),0
t641736205,Cheek (prevalence),0.142857142857
t643886045,Cheek (prevalence),0
t639633010,Cheek (prevalence),0
t650377929,Cheek (prevalence),0.031746031746
t641736193,Cheek (prevalence),0
t642979320,Cheek (prevalence),0
t647000268,Cheek (prevalence),0.380952380952
t643886010,Cheek (prevalence),0.015873015873
t640069308,Cheek (prevalence),0
t647000284,Cheek (prevalence),0.126984126984
t650377901,Cheek (prevalence),0
t640753011,Cheek (prevalence),0
t643886139,Cheek (prevalence),0
t643886200,Cheek (prevalence),0.047619047619
t643886074,Cheek (prevalence),0.904761904762
t646206269,Cheek (prevalence),0.031746031746
t643886019,Cheek (prevalence),0.365079365079
t637000092,Cheek (prevalence),0
t645951869,Cheek (prevalence),0.222222222222
t645951804,Cheek (prevalence),0
t638341196,Cheek (prevalence),0
t644736382,Cheek (prevalence),0
t643886113,Cheek (prevalence),0.888888888889
t649989928,Cheek (prevalence),0
t649989971,Cheek (prevalence),0.52380952381
t641522650,Cheek (prevalence),0
t642555104,Cheek (prevalence),0.015873015873
t641736196,Cheek (prevalence),0.047619047619
t651053056,Cheek (prevalence),0
t648276674,Cheek (prevalence),0
t638341112,Cheek (prevalence),0
t644736324,Cheek (prevalence),0.84126984127
t639279312,Cheek (prevalence),0
t640612206,Cheek (prevalence),0
t637000271,Cheek (prevalence),0
t646862342,Cheek (prevalence),0
t648276712,Cheek (prevalence),0.301587301587
t649989901,Cheek (prevalence),0.968253968254
t643886024,Cheek (prevalence),0
t642979313,Cheek (prevalence),0
t646564575,Cheek (prevalence),0.285714285714
t648028043,Cheek (prevalence),0
t645951817,Cheek (prevalence),0.984126984127
t642555148,Cheek (prevalence),0.0634920634921
t648276734,Cheek (prevalence),1
t641380421,Cheek (prevalence),0.571428571429
t643886015,Cheek (prevalence),0.015873015873
t643886181,Cheek (prevalence),0.301587301587
t649989982,Cheek (prevalence),0
t649633078,Cheek (prevalence),0.015873015873
t640963057,Cheek (prevalence),0
t648028055,Cheek (prevalence),0.746031746032
t649633012,Cheek (prevalence),0
t640753001,Cheek (prevalence),0
t649633084,Cheek (prevalence),0
t647000295,Cheek (prevalence),0
t646311941,Cheek (prevalence),0.015873015873
t643886063,Cheek (prevalence),0
t642979369,Cheek (prevalence),0
t645951834,Cheek (prevalence),0.015873015873
t642791613,Cheek (prevalence),0
t637000284,Cheek (prevalence),0
t649989950,Cheek (prevalence),0.857142857143
t647000207,Cheek (prevalence),0
t637000026,Cheek (prevalence),0.015873015873
t641380447,Cheek (prevalence),0
t642979358,Cheek (prevalence),0.015873015873
t647000215,Cheek (prevalence),0.047619047619
t643886197,Cheek (prevalence),0
t643886058,Cheek (prevalence),0
t643886039,Cheek (prevalence),0
t648276749,Cheek (prevalence),0
t642979370,Cheek (prevalence),0
t649633064,Cheek (prevalence),0
t646564552,Cheek (prevalence),0
t644736327,Cheek (prevalence),0.650793650794
t646311956,Cheek (prevalence),0.031746031746
t637000281,Cheek (prevalence),0.047619047619
t643886143,Cheek (prevalence),0
t642979356,Cheek (prevalence),0.015873015873
t649989986,Cheek (prevalence),0.111111111111
t639633027,Cheek (prevalence),0
t640069321,Cheek (prevalence),0
t641228489,Cheek (prevalence),0
t650377963,Cheek (prevalence),0
t645058738,Cheek (prevalence),0.111111111111
t649990016,Cheek (prevalence),0.888888888889
t643886148,Cheek (prevalence),0.365079365079
t645951831,Cheek (prevalence),0.047619047619
t648276739,Cheek (prevalence),1
t643886084,Cheek (prevalence),0
t643886188,Cheek (prevalence),0.809523809524
t645058720,Cheek (prevalence),0.555555555556
t640753009,Cheek (prevalence),0.968253968254
t650716089,Cheek (prevalence),0.984126984127
t646206251,Cheek (prevalence),0
t641736189,Cheek (prevalence),0.031746031746
t648276716,Cheek (prevalence),0.0952380952381
t647533172,Cheek (prevalence),0.873015873016
t646311946,Cheek (prevalence),0
t649633041,Cheek (prevalence),0
t640963046,Cheek (prevalence),0
t641380427,Cheek (prevalence),0
t643886198,Cheek (prevalence),0.809523809524
t644736346,Cheek (prevalence),0.015873015873
t637000077,Cheek (prevalence),0
t649990026,Cheek (prevalence),0
t643692019,Cheek (prevalence),0
t637000127,Cheek (prevalence),0.047619047619
t646311937,Cheek (prevalence),0
t641522641,Cheek (prevalence),0
t650377974,Cheek (prevalence),0
t640963025,Cheek (prevalence),0
t641522638,Cheek (prevalence),0
t643886151,Cheek (prevalence),0.269841269841
t649989970,Cheek (prevalence),0.920634920635
t643886050,Cheek (prevalence),0
t648276713,Cheek (prevalence),0
t649989922,Cheek (prevalence),0
t643886006,Cheek (prevalence),0.015873015873
t647000289,Cheek (prevalence),0
t646206271,Cheek (prevalence),0
t643348560,Cheek (prevalence),0
t643886008,Cheek (prevalence),0.285714285714
t648276753,Cheek (prevalence),0.888888888889
t645951825,Cheek (prevalence),0
t649633093,Cheek (prevalence),1
t643886150,Cheek (prevalence),0.84126984127
t648276747,Cheek (prevalence),0
t647000218,Cheek (prevalence),0.0634920634921
t643692022,Cheek (prevalence),0
t637000332,Cheek (prevalence),0
t647000292,Cheek (prevalence),0
t640753055,Cheek (prevalence),0.968253968254
t644736366,Cheek (prevalence),0.015873015873
t645951840,Cheek (prevalence),0.380952380952
t642979361,Cheek (prevalence),0
t648276732,Cheek (prevalence),0
t650377958,Cheek (prevalence),0
t643886145,Cheek (prevalence),0
t637000046,Cheek (prevalence),0
t641736171,Cheek (prevalence),0
t651053005,Cheek (prevalence),0
t644736381,Cheek (prevalence),0
t651053058,Cheek (prevalence),0.68253968254
t643886103,Cheek (prevalence),0
t639633028,Cheek (prevalence),0
t645951848,Cheek (prevalence),0.666666666667
t650377944,Cheek (prevalence),0.952380952381
t640753008,Cheek (prevalence),0.126984126984
t638341202,Cheek (prevalence),0.031746031746
t645951859,Cheek (prevalence),0
t649989980,Cheek (prevalence),0.031746031746
t649633075,Cheek (prevalence),0.047619047619
t642979321,Cheek (prevalence),0
t642979319,Cheek (prevalence),0.0634920634921
t637000227,Cheek (prevalence),0
t643886112,Cheek (prevalence),0
t647000290,Cheek (prevalence),0
t637000302,Cheek (prevalence),0.507936507937
t643348515,Cheek (prevalence),0
t651324039,Cheek (prevalence),1
t647000254,Cheek (prevalence),0.920634920635
t640753010,Cheek (prevalence),0.031746031746
t650377925,Cheek (prevalence),0
t643692018,Cheek (prevalence),0
t641522636,Cheek (prevalence),0
t647000293,Cheek (prevalence),0
t643886203,Cheek (prevalence),0
t647533146,Cheek (prevalence),0
t643886199,Cheek (prevalence),0
t643886104,Cheek (prevalence),0.825396825397
t643886193,Cheek (prevalence),0.809523809524
t645951819,Cheek (prevalence),0.587301587302
t642979371,Cheek (prevalence),0
t645951802,Cheek (prevalence),0.222222222222
t647000283,Cheek (prevalence),0.746031746032
t650377938,Cheek (prevalence),0
t647533156,Cheek (prevalence),0
t642979359,Cheek (prevalence),0
t643886055,Cheek (prevalence),0
t640963022,Cheek (prevalence),0
t640069315,Cheek (prevalence),0.0634920634921
t645951836,Cheek (prevalence),0.587301587302
t645058800,Cheek (prevalence),1
t649989987,Cheek (prevalence),0.460317460317
t649990011,Cheek (prevalence),0.920634920635
t647533176,Cheek (prevalence),0.015873015873
t644736358,Cheek (prevalence),0
t649990001,Cheek (prevalence),0.619047619048
t648861012,Cheek (prevalence),0.730158730159
t645951810,Cheek (prevalence),0
t637000327,Cheek (prevalence),0.253968253968
t648276715,Cheek (prevalence),0.15873015873
t645951808,Cheek (prevalence),0.380952380952
t650633000,Cheek (prevalence),0
t640963023,Cheek (prevalence),0.047619047619
t640753048,Cheek (prevalence),0
t650377975,Cheek (prevalence),0
t645058719,Cheek (prevalence),0
t649990014,Cheek (prevalence),1
t646206270,Cheek (prevalence),0
t648028051,Cheek (prevalence),0.984126984127
t645951837,Cheek (prevalence),0
t645951835,Cheek (prevalence),0
t651324012,Cheek (prevalence),0.047619047619
t641736197,Cheek (prevalence),0
t649633094,Cheek (prevalence),0
t649989993,Cheek (prevalence),0.015873015873
t646206276,Cheek (prevalence),0
t643886142,Cheek (prevalence),0
t645951860,Cheek (prevalence),0.777777777778
t648028018,Cheek (prevalence),0
t637000163,Cheek (prevalence),0
t643886206,Cheek (prevalence),0
t644736384,Cheek (prevalence),0.746031746032
t643886107,Cheek (prevalence),0
t648276684,Cheek (prevalence),0
t642979351,Cheek (prevalence),0.015873015873
t643886208,Cheek (prevalence),0.603174603175
t637000221,Cheek (prevalence),0
t650716045,Cheek (prevalence),0
t641736133,Cheek (prevalence),0
t641736156,Cheek (prevalence),0.015873015873
t646206254,Cheek (prevalence),0
t640963016,Cheek (prevalence),0.031746031746
t651053073,Cheek (prevalence),0.936507936508
t650377966,Cheek (prevalence),0.0634920634921
t641380422,Cheek (prevalence),0
t641736227,Cheek (prevalence),0
t645058865,Cheek (prevalence),0
t642555160,Cheek (prevalence),0
t642979368,Cheek (prevalence),0
t646311901,Cheek (prevalence),0
t642555169,Cheek (prevalence),0
t647000302,Cheek (prevalence),0
t640069327,Cheek (prevalence),0
t645058834,Cheek (prevalence),1
t650377904,Cheek (prevalence),0.0634920634921
t640753039,Cheek (prevalence),0
t649633013,Cheek (prevalence),0
t648028005,Cheek (prevalence),0.047619047619
t644736367,Cheek (prevalence),0.0952380952381
t650377954,Cheek (prevalence),0.015873015873
t643886109,Cheek (prevalence),0
t649989917,Cheek (prevalence),0
t637000226,Cheek (prevalence),0
t649989999,Cheek (prevalence),0.603174603175
t642555133,Cheek (prevalence),0
t640427121,Cheek (prevalence),0
t641380428,Cheek (prevalence),0
t648276682,Cheek (prevalence),0
t640427143,Cheek (prevalence),0
t647533194,Cheek (prevalence),0
t645951855,Cheek (prevalence),0
t643886116,Cheek (prevalence),0
t648028047,Cheek (prevalence),0.015873015873
t637000203,Cheek (prevalence),0
t642555107,Cheek (prevalence),0
t647000331,Cheek (prevalence),1
t642979367,Cheek (prevalence),0
t649989905,Cheek (prevalence),0.984126984127
t647533186,Cheek (prevalence),0.174603174603
t643886146,Cheek (prevalence),0
t651324009,Cheek (prevalence),0
t642979316,Cheek (prevalence),0
t642791621,Cheek (prevalence),0.015873015873
t649990004,Cheek (prevalence),0.936507936508
t647533178,Cheek (prevalence),0
t641736113,Cheek (prevalence),0
t649989956,Cheek (prevalence),0.206349206349
t645951857,Cheek (prevalence),0.492063492063
t645058705,Cheek (prevalence),0.0634920634921
t640963024,Cheek (prevalence),0
t649989985,Cheek (prevalence),0
t645058748,Cheek (prevalence),0.84126984127
t642979312,Cheek (prevalence),0
t645058825,Cheek (prevalence),0
t649989920,Cheek (prevalence),0.746031746032
t640753047,Plaque (prevalence),0
t649989912,Plaque (prevalence),0
t638341112,Plaque (prevalence),0
t643886217,Plaque (prevalence),0
t645951833,Plaque (prevalence),0.710144927536
t649989901,Plaque (prevalence),1
t638341158,Plaque (prevalence),0.0144927536232
t642979306,Plaque (prevalence),0
t649989928,Plaque (prevalence),0.0144927536232
t649989988,Plaque (prevalence),0.333333333333
t649989989,Plaque (prevalence),0.579710144928
t643886010,Plaque (prevalence),0
t648276734,Plaque (prevalence),1
t647000284,Plaque (prevalence),0.275362318841
t644736390,Plaque (prevalence),0
t648028055,Plaque (prevalence),0.260869565217
t646862322,Plaque (prevalence),0.0579710144928
t641736205,Plaque (prevalence),0.0724637681159
t643886074,Plaque (prevalence),0.855072463768
t639633010,Plaque (prevalence),0
t643886019,Plaque (prevalence),0.449275362319
t640963058,Plaque (prevalence),0.95652173913
t642979369,Plaque (prevalence),0.0144927536232
t646206275,Plaque (prevalence),0
t649989952,Plaque (prevalence),1
t644736382,Plaque (prevalence),0
t649990007,Plaque (prevalence),1
t647000207,Plaque (prevalence),0
t646311928,Plaque (prevalence),0.0144927536232
t641380447,Plaque (prevalence),0.0144927536232
t646206268,Plaque (prevalence),0
t648028033,Plaque (prevalence),0
t651053056,Plaque (prevalence),0
t649990003,Plaque (prevalence),0.927536231884
t643886039,Plaque (prevalence),0
t650377943,Plaque (prevalence),0
t642979370,Plaque (prevalence),0
t648028010,Plaque (prevalence),0
t645058761,Plaque (prevalence),0
t646862342,Plaque (prevalence),0.0144927536232
t641736271,Plaque (prevalence),0
t637000281,Plaque (prevalence),0.0289855072464
t643692016,Plaque (prevalence),0
t642979356,Plaque (prevalence),0
t639633048,Plaque (prevalence),0
t646206250,Plaque (prevalence),0
t645951817,Plaque (prevalence),1
t647000288,Plaque (prevalence),0
t650377963,Plaque (prevalence),0
t648276633,Plaque (prevalence),0
t649990016,Plaque (prevalence),0.507246376812
t642791604,Plaque (prevalence),0
t643886194,Plaque (prevalence),0.855072463768
t649633078,Plaque (prevalence),0.0144927536232
t647533210,Plaque (prevalence),0.0434782608696
t643886188,Plaque (prevalence),0.927536231884
t643886070,Plaque (prevalence),0.144927536232
t640753009,Plaque (prevalence),0.985507246377
t637000095,Plaque (prevalence),0.942028985507
t647533181,Plaque (prevalence),0
t646311941,Plaque (prevalence),0
t641228495,Plaque (prevalence),0.0289855072464
t647533172,Plaque (prevalence),0.768115942029
t642979305,Plaque (prevalence),1
t649633041,Plaque (prevalence),0
t643886040,Plaque (prevalence),0
t643886057,Plaque (prevalence),0
t649989969,Plaque (prevalence),0
t649989906,Plaque (prevalence),0.971014492754
t648276710,Plaque (prevalence),0
t647000231,Plaque (prevalence),0
t643692019,Plaque (prevalence),0.0144927536232
t651053029,Plaque (prevalence),0.0289855072464
t649989996,Plaque (prevalence),0.782608695652
t648276634,Plaque (prevalence),1
t643886009,Plaque (prevalence),0.971014492754
t643886110,Plaque (prevalence),0
t649990021,Plaque (prevalence),0.0144927536232
t643886151,Plaque (prevalence),0.347826086957
t640963014,Plaque (prevalence),0
t645058712,Plaque (prevalence),0
t645058788,Plaque (prevalence),0
t643886111,Plaque (prevalence),0.0144927536232
t641228498,Plaque (prevalence),0.884057971014
t646564572,Plaque (prevalence),0
t646206271,Plaque (prevalence),0
t643886045,Plaque (prevalence),0
t643886008,Plaque (prevalence),0.0869565217391
t650377929,Plaque (prevalence),0.0144927536232
t641736193,Plaque (prevalence),0
t642979320,Plaque (prevalence),0
t647000268,Plaque (prevalence),0.95652173913
t648276747,Plaque (prevalence),0
t640069308,Plaque (prevalence),0
t643692022,Plaque (prevalence),0
t650377901,Plaque (prevalence),0
t640753011,Plaque (prevalence),0
t643886139,Plaque (prevalence),0
t643886200,Plaque (prevalence),0.0724637681159
t645951840,Plaque (prevalence),0.463768115942
t646206269,Plaque (prevalence),0.0144927536232
t648276732,Plaque (prevalence),0
t637000092,Plaque (prevalence),0.0144927536232
t645951869,Plaque (prevalence),0.565217391304
t645951804,Plaque (prevalence),0
t638341196,Plaque (prevalence),0
t651053005,Plaque (prevalence),0
t643886113,Plaque (prevalence),1
t651053058,Plaque (prevalence),0.652173913043
t649989971,Plaque (prevalence),0.333333333333
t641522650,Plaque (prevalence),0
t642555104,Plaque (prevalence),0.0144927536232
t641736196,Plaque (prevalence),0.0144927536232
t640753008,Plaque (prevalence),0.115942028986
t648276674,Plaque (prevalence),0
t645951859,Plaque (prevalence),0
t644736324,Plaque (prevalence),0.971014492754
t639279312,Plaque (prevalence),0
t640612206,Plaque (prevalence),0
t637000271,Plaque (prevalence),0
t637000227,Plaque (prevalence),0
t648276712,Plaque (prevalence),0.405797101449
t647000290,Plaque (prevalence),0
t643886024,Plaque (prevalence),0
t642979313,Plaque (prevalence),0.0144927536232
t646564575,Plaque (prevalence),0.36231884058
t648028043,Plaque (prevalence),0
t640753010,Plaque (prevalence),0.739130434783
t642555148,Plaque (prevalence),0.0579710144928
t643692018,Plaque (prevalence),0
t641380421,Plaque (prevalence),0.855072463768
t643886015,Plaque (prevalence),0.95652173913
t643886181,Plaque (prevalence),0.855072463768
t649989982,Plaque (prevalence),0
t643886199,Plaque (prevalence),0
t640963057,Plaque (prevalence),0.0144927536232
t643886193,Plaque (prevalence),1
t649633012,Plaque (prevalence),0
t640753001,Plaque (prevalence),0
t649633084,Plaque (prevalence),0
t647000295,Plaque (prevalence),0
t650377938,Plaque (prevalence),0
t643886063,Plaque (prevalence),0
t642979359,Plaque (prevalence),0
t645951834,Plaque (prevalence),0
t642791613,Plaque (prevalence),0
t637000284,Plaque (prevalence),0
t649989950,Plaque (prevalence),0.942028985507
t645058800,Plaque (prevalence),0.971014492754
t637000026,Plaque (prevalence),0
t649990011,Plaque (prevalence),0.898550724638
t642979358,Plaque (prevalence),0
t647000215,Plaque (prevalence),0.0289855072464
t643886197,Plaque (prevalence),0
t643886058,Plaque (prevalence),0
t645951810,Plaque (prevalence),0
t648276749,Plaque (prevalence),0
t648276715,Plaque (prevalence),0.492753623188
t649633064,Plaque (prevalence),0
t646564552,Plaque (prevalence),0
t644736327,Plaque (prevalence),0.739130434783
t646311956,Plaque (prevalence),0
t650377975,Plaque (prevalence),0
t643886143,Plaque (prevalence),0
t649990014,Plaque (prevalence),1
t649989986,Plaque (prevalence),0.246376811594
t639633027,Plaque (prevalence),0.0289855072464
t640069321,Plaque (prevalence),0
t641228489,Plaque (prevalence),0
t651324012,Plaque (prevalence),0.101449275362
t645058738,Plaque (prevalence),0.695652173913
t649633094,Plaque (prevalence),0
t643886148,Plaque (prevalence),0.507246376812
t645951831,Plaque (prevalence),0.0144927536232
t648276739,Plaque (prevalence),1
t643886084,Plaque (prevalence),0
t648028018,Plaque (prevalence),0
t645058720,Plaque (prevalence),0.971014492754
t643886206,Plaque (prevalence),0
t650716089,Plaque (prevalence),0.927536231884
t646206251,Plaque (prevalence),0
t641736189,Plaque (prevalence),0
t648276716,Plaque (prevalence),0.405797101449
t643886208,Plaque (prevalence),1
t646311946,Plaque (prevalence),0
t650716045,Plaque (prevalence),0
t640963046,Plaque (prevalence),0
t641380427,Plaque (prevalence),0
t643886198,Plaque (prevalence),0.797101449275
t644736346,Plaque (prevalence),0.101449275362
t637000077,Plaque (prevalence),0
t649990026,Plaque (prevalence),0.0144927536232
t641380422,Plaque (prevalence),0
t637000127,Plaque (prevalence),0.0724637681159
t646311937,Plaque (prevalence),0
t641522641,Plaque (prevalence),0
t650377974,Plaque (prevalence),0
t640963025,Plaque (prevalence),0.0289855072464
t641522638,Plaque (prevalence),0
t647000302,Plaque (prevalence),0
t649989970,Plaque (prevalence),0.985507246377
t643886050,Plaque (prevalence),0.0289855072464
t648276713,Plaque (prevalence),0
t649989922,Plaque (prevalence),0
t643886006,Plaque (prevalence),0
t647000289,Plaque (prevalence),0
t644736367,Plaque (prevalence),0.0289855072464
t643348560,Plaque (prevalence),0
t643886109,Plaque (prevalence),0
t648276753,Plaque (prevalence),0.63768115942
t645951825,Plaque (prevalence),0
t649633093,Plaque (prevalence),1
t643886150,Plaque (prevalence),0.971014492754
t640427121,Plaque (prevalence),0
t647000218,Plaque (prevalence),0.101449275362
t648276682,Plaque (prevalence),0
t637000332,Plaque (prevalence),0
t647000292,Plaque (prevalence),0
t640753055,Plaque (prevalence),0.985507246377
t644736366,Plaque (prevalence),0
t648028047,Plaque (prevalence),0.101449275362
t642979361,Plaque (prevalence),0
t642555107,Plaque (prevalence),0
t650377958,Plaque (prevalence),0.0144927536232
t643886145,Plaque (prevalence),0
t637000046,Plaque (prevalence),0
t641736171,Plaque (prevalence),0
t641736156,Plaque (prevalence),0
t644736381,Plaque (prevalence),0
t642979316,Plaque (prevalence),0
t643886103,Plaque (prevalence),0
t639633028,Plaque (prevalence),0
t645951848,Plaque (prevalence),0.826086956522
t650377944,Plaque (prevalence),1
t645058865,Plaque (prevalence),0
t638341202,Plaque (prevalence),0
t645058705,Plaque (prevalence),0.0724637681159
t649989980,Plaque (prevalence),0
t649633075,Plaque (prevalence),0.159420289855
t642979321,Plaque (prevalence),0
t642979319,Plaque (prevalence),0
t645058834,Plaque (prevalence),1
t643886112,Plaque (prevalence),0
t642791621,Plaque (prevalence),0
t637000302,Plaque (prevalence),0.217391304348
t643348515,Plaque (prevalence),0
t651324039,Plaque (prevalence),1
t647000254,Plaque (prevalence),1
t645951837,Plaque (prevalence),0.188405797101
t650377925,Plaque (prevalence),0
t637000226,Plaque (prevalence),0
t641522636,Plaque (prevalence),0
t647000293,Plaque (prevalence),0.0144927536232
t643886203,Plaque (prevalence),0
t647533146,Plaque (prevalence),0
t643886142,Plaque (prevalence),0
t643886104,Plaque (prevalence),0.63768115942
t647533194,Plaque (prevalence),0
t645951819,Plaque (prevalence),1
t642979371,Plaque (prevalence),0
t645951802,Plaque (prevalence),0.739130434783
t647000283,Plaque (prevalence),0.95652173913
t648276684,Plaque (prevalence),0
t647533156,Plaque (prevalence),0
t642979367,Plaque (prevalence),0.0434782608696
t643886055,Plaque (prevalence),0
t640963022,Plaque (prevalence),0
t640069315,Plaque (prevalence),0.101449275362
t645951836,Plaque (prevalence),0.710144927536
t646206254,Plaque (prevalence),0
t649989987,Plaque (prevalence),0.507246376812
t651053073,Plaque (prevalence),0.739130434783
t647533176,Plaque (prevalence),0
t644736358,Plaque (prevalence),0
t649990001,Plaque (prevalence),0.95652173913
t648861012,Plaque (prevalence),0.927536231884
t642555160,Plaque (prevalence),0
t637000327,Plaque (prevalence),0.507246376812
t646311901,Plaque (prevalence),0
t645951808,Plaque (prevalence),0.898550724638
t650633000,Plaque (prevalence),0
t640963023,Plaque (prevalence),0.0289855072464
t640753048,Plaque (prevalence),0
t650377904,Plaque (prevalence),0.0289855072464
t645058719,Plaque (prevalence),0
t649633013,Plaque (prevalence),0
t646206270,Plaque (prevalence),0
t648028051,Plaque (prevalence),0.95652173913
t650377954,Plaque (prevalence),0
t645951835,Plaque (prevalence),0
t649989917,Plaque (prevalence),0.0144927536232
t641736197,Plaque (prevalence),0
t649989999,Plaque (prevalence),0.608695652174
t649989993,Plaque (prevalence),0.0289855072464
t646206276,Plaque (prevalence),0
t641380428,Plaque (prevalence),0
t645951860,Plaque (prevalence),0.985507246377
t640427143,Plaque (prevalence),0
t637000163,Plaque (prevalence),0
t645951855,Plaque (prevalence),0
t644736384,Plaque (prevalence),0.971014492754
t643886107,Plaque (prevalence),0
t637000203,Plaque (prevalence),0.0289855072464
t642979351,Plaque (prevalence),0.0289855072464
t647000331,Plaque (prevalence),1
t637000221,Plaque (prevalence),0
t649989905,Plaque (prevalence),1
t641736133,Plaque (prevalence),0
t643886146,Plaque (prevalence),0.0144927536232
t651324009,Plaque (prevalence),0
t640963016,Plaque (prevalence),0.0724637681159
t640753039,Plaque (prevalence),0.0144927536232
t650377966,Plaque (prevalence),0.0434782608696
t647533178,Plaque (prevalence),0.0144927536232
t641736227,Plaque (prevalence),0
t649989956,Plaque (prevalence),0.797101449275
t649990004,Plaque (prevalence),0.985507246377
t642979368,Plaque (prevalence),0
t640963024,Plaque (prevalence),0
t642555169,Plaque (prevalence),0
t647533186,Plaque (prevalence),0.420289855072
t640069327,Plaque (prevalence),0.0144927536232
t648028005,Plaque (prevalence),0.652173913043
t649989985,Plaque (prevalence),0
t645951857,Plaque (prevalence),0.95652173913
t649989920,Plaque (prevalence),1
t645058825,Plaque (prevalence),0
t641736113,Plaque (prevalence),0
t645058748,Plaque (prevalence),0.95652173913
t642555133,Plaque (prevalence),0
t642979312,Plaque (prevalence),0
t643886116,Plaque (prevalence),0
t642979306,Tongue (prevalence),0
t643692016,Tongue (prevalence),0.0285714285714
t650377943,Tongue (prevalence),0
t643886194,Tongue (prevalence),0.971428571429
t646311928,Tongue (prevalence),0.0285714285714
t647533210,Tongue (prevalence),0.314285714286
t644736390,Tongue (prevalence),0
t643886070,Tongue (prevalence),0.257142857143
t648276633,Tongue (prevalence),0
t646206250,Tongue (prevalence),0
t647533181,Tongue (prevalence),0.0285714285714
t647000288,Tongue (prevalence),0
t641228495,Tongue (prevalence),0.0142857142857
t640963058,Tongue (prevalence),1
t642979305,Tongue (prevalence),0.971428571429
t645951833,Tongue (prevalence),0.7
t649989952,Tongue (prevalence),1
t649990007,Tongue (prevalence),1
t643886113,Tongue (prevalence),0.985714285714
t649989928,Tongue (prevalence),0.214285714286
t649989912,Tongue (prevalence),0.0142857142857
t647000231,Tongue (prevalence),0
t643886217,Tongue (prevalence),0
t648028033,Tongue (prevalence),0
t649990003,Tongue (prevalence),1
t648276674,Tongue (prevalence),0
t638341112,Tongue (prevalence),0
t640753047,Tongue (prevalence),0
t649990021,Tongue (prevalence),0.0142857142857
t649989989,Tongue (prevalence),1
t645058761,Tongue (prevalence),0
t641736271,Tongue (prevalence),0
t648276712,Tongue (prevalence),0.942857142857
t649989901,Tongue (prevalence),0.928571428571
t638341158,Tongue (prevalence),0
t646564572,Tongue (prevalence),0
t641736205,Tongue (prevalence),0.142857142857
t643886045,Tongue (prevalence),0
t639633010,Tongue (prevalence),0
t642555148,Tongue (prevalence),0.0857142857143
t648276734,Tongue (prevalence),1
t649989988,Tongue (prevalence),0.185714285714
t647000268,Tongue (prevalence),0.914285714286
t643886010,Tongue (prevalence),0
t640069308,Tongue (prevalence),0
t647000284,Tongue (prevalence),0.257142857143
t640963057,Tongue (prevalence),0
t648028055,Tongue (prevalence),0.628571428571
t646862322,Tongue (prevalence),0.0285714285714
t643886200,Tongue (prevalence),0.0428571428571
t643886074,Tongue (prevalence),1
t646206269,Tongue (prevalence),0
t643886019,Tongue (prevalence),0.614285714286
t643886063,Tongue (prevalence),0.0285714285714
t642979369,Tongue (prevalence),0
t646206275,Tongue (prevalence),0
t638341196,Tongue (prevalence),0
t644736382,Tongue (prevalence),0
t649989950,Tongue (prevalence),1
t647000207,Tongue (prevalence),0
t637000026,Tongue (prevalence),0
t641380447,Tongue (prevalence),0.0428571428571
t646206268,Tongue (prevalence),0
t641736196,Tongue (prevalence),0.0428571428571
t651053056,Tongue (prevalence),0
t643886058,Tongue (prevalence),0
t643886039,Tongue (prevalence),0
t648276749,Tongue (prevalence),0
t642979370,Tongue (prevalence),0
t648028010,Tongue (prevalence),0
t637000271,Tongue (prevalence),0
t646862342,Tongue (prevalence),0.0428571428571
t646311956,Tongue (prevalence),0
t637000281,Tongue (prevalence),0.0428571428571
t643886143,Tongue (prevalence),0
t642979356,Tongue (prevalence),0
t639633048,Tongue (prevalence),0
t648028043,Tongue (prevalence),0
t645951817,Tongue (prevalence),1
t641228489,Tongue (prevalence),0
t650377963,Tongue (prevalence),0
t645058738,Tongue (prevalence),0.871428571429
t649990016,Tongue (prevalence),1
t642791604,Tongue (prevalence),0
t649989982,Tongue (prevalence),0.0142857142857
t649633078,Tongue (prevalence),0.0285714285714
t643886084,Tongue (prevalence),0
t643886188,Tongue (prevalence),0.757142857143
t645058720,Tongue (prevalence),0.971428571429
t640753009,Tongue (prevalence),1
t637000095,Tongue (prevalence),0.357142857143
t647000295,Tongue (prevalence),0.0571428571429
t646311941,Tongue (prevalence),0
t648276716,Tongue (prevalence),0.171428571429
t647533172,Tongue (prevalence),0.971428571429
t646311946,Tongue (prevalence),0
t649633041,Tongue (prevalence),0
t643886040,Tongue (prevalence),0
t643886057,Tongue (prevalence),0
t649989969,Tongue (prevalence),0
t649989906,Tongue (prevalence),0.914285714286
t648276710,Tongue (prevalence),0
t649990026,Tongue (prevalence),0
t643692019,Tongue (prevalence),0
t651053029,Tongue (prevalence),0.0142857142857
t649989996,Tongue (prevalence),0.328571428571
t648276634,Tongue (prevalence),0.842857142857
t643886009,Tongue (prevalence),0.814285714286
t643886110,Tongue (prevalence),0
t641522638,Tongue (prevalence),0
t643886151,Tongue (prevalence),0.271428571429
t640963014,Tongue (prevalence),0
t645058712,Tongue (prevalence),0.0285714285714
t645058788,Tongue (prevalence),0
t643886111,Tongue (prevalence),0.0428571428571
t641228498,Tongue (prevalence),0.5
t647000289,Tongue (prevalence),0.0142857142857
t646206271,Tongue (prevalence),0
t643348560,Tongue (prevalence),0
t643886008,Tongue (prevalence),0.3
t650377929,Tongue (prevalence),0.0142857142857
t641736193,Tongue (prevalence),0
t642979320,Tongue (prevalence),0
t643886150,Tongue (prevalence),0.914285714286
t648276747,Tongue (prevalence),0.0142857142857
t647000218,Tongue (prevalence),0.171428571429
t643692022,Tongue (prevalence),0
t650377901,Tongue (prevalence),0
t640753011,Tongue (prevalence),0
t643886139,Tongue (prevalence),0
t644736366,Tongue (prevalence),0.0142857142857
t645951840,Tongue (prevalence),0.785714285714
t642979361,Tongue (prevalence),0
t648276732,Tongue (prevalence),0
t637000092,Tongue (prevalence),0
t645951869,Tongue (prevalence),0.7
t645951804,Tongue (prevalence),0.0142857142857
t641736171,Tongue (prevalence),0
t651053005,Tongue (prevalence),0
t644736381,Tongue (prevalence),0.0142857142857
t651053058,Tongue (prevalence),0.485714285714
t649989971,Tongue (prevalence),0.957142857143
t641522650,Tongue (prevalence),0
t642555104,Tongue (prevalence),0.0142857142857
t650377944,Tongue (prevalence),0.971428571429
t640753008,Tongue (prevalence),0.185714285714
t638341202,Tongue (prevalence),0.0142857142857
t645951859,Tongue (prevalence),0
t644736324,Tongue (prevalence),0.942857142857
t639279312,Tongue (prevalence),0
t640612206,Tongue (prevalence),0
t642979319,Tongue (prevalence),0.0428571428571
t637000227,Tongue (prevalence),0
t643886112,Tongue (prevalence),0
t647000290,Tongue (prevalence),0.0285714285714
t643886024,Tongue (prevalence),0
t642979313,Tongue (prevalence),0
t646564575,Tongue (prevalence),0.314285714286
t647000254,Tongue (prevalence),1
t640753010,Tongue (prevalence),0.714285714286
t650377925,Tongue (prevalence),0
t643692018,Tongue (prevalence),0
t641380421,Tongue (prevalence),0.914285714286
t643886015,Tongue (prevalence),0
t643886181,Tongue (prevalence),1
t647533146,Tongue (prevalence),0
t643886199,Tongue (prevalence),0
t643886104,Tongue (prevalence),1
t643886193,Tongue (prevalence),0.757142857143
t649633012,Tongue (prevalence),0
t640753001,Tongue (prevalence),0
t649633084,Tongue (prevalence),0
t647000283,Tongue (prevalence),0.842857142857
t650377938,Tongue (prevalence),0
t647533156,Tongue (prevalence),0
t642979359,Tongue (prevalence),0
t645951834,Tongue (prevalence),0.0285714285714
t642791613,Tongue (prevalence),0.0285714285714
t637000284,Tongue (prevalence),0
t645951836,Tongue (prevalence),0.971428571429
t645058800,Tongue (prevalence),1
t649989987,Tongue (prevalence),0.914285714286
t649990011,Tongue (prevalence),1
t642979358,Tongue (prevalence),0
t647000215,Tongue (prevalence),0.0285714285714
t643886197,Tongue (prevalence),0
t648861012,Tongue (prevalence),0.971428571429
t645951810,Tongue (prevalence),0
t637000327,Tongue (prevalence),0.5
t648276715,Tongue (prevalence),0.957142857143
t649633064,Tongue (prevalence),0
t646564552,Tongue (prevalence),0
t644736327,Tongue (prevalence),1
t640753048,Tongue (prevalence),0
t650377975,Tongue (prevalence),0.0285714285714
t645058719,Tongue (prevalence),0
t649990014,Tongue (prevalence),1
t649989986,Tongue (prevalence),0.214285714286
t639633027,Tongue (prevalence),0
t640069321,Tongue (prevalence),0.0857142857143
t645951835,Tongue (prevalence),0
t651324012,Tongue (prevalence),0.0714285714286
t641736197,Tongue (prevalence),0
t649633094,Tongue (prevalence),0
t643886148,Tongue (prevalence),0.614285714286
t645951831,Tongue (prevalence),0.0428571428571
t648276739,Tongue (prevalence),1
t645951860,Tongue (prevalence),1
t648028018,Tongue (prevalence),0
t637000163,Tongue (prevalence),0
t643886206,Tongue (prevalence),0
t650716089,Tongue (prevalence),1
t646206251,Tongue (prevalence),0
t641736189,Tongue (prevalence),0.0428571428571
t642979351,Tongue (prevalence),0.0714285714286
t643886208,Tongue (prevalence),0.714285714286
t637000221,Tongue (prevalence),0
t650716045,Tongue (prevalence),0
t640963046,Tongue (prevalence),0
t641380427,Tongue (prevalence),0
t643886198,Tongue (prevalence),0.985714285714
t644736346,Tongue (prevalence),0.114285714286
t637000077,Tongue (prevalence),0
t650377966,Tongue (prevalence),0.1
t641380422,Tongue (prevalence),0
t637000127,Tongue (prevalence),0.0285714285714
t646311937,Tongue (prevalence),0
t641522641,Tongue (prevalence),0
t650377974,Tongue (prevalence),0
t640963025,Tongue (prevalence),0.142857142857
t642555169,Tongue (prevalence),0.0142857142857
t647000302,Tongue (prevalence),0
t649989970,Tongue (prevalence),0.828571428571
t643886050,Tongue (prevalence),0
t648276713,Tongue (prevalence),0.228571428571
t649989922,Tongue (prevalence),0
t643886006,Tongue (prevalence),0.0142857142857
t648028005,Tongue (prevalence),0.0714285714286
t644736367,Tongue (prevalence),0.1
t650377954,Tongue (prevalence),0.0142857142857
t643886109,Tongue (prevalence),0
t648276753,Tongue (prevalence),1
t645951825,Tongue (prevalence),0
t649633093,Tongue (prevalence),1
t642555133,Tongue (prevalence),0
t640427121,Tongue (prevalence),0
t641380428,Tongue (prevalence),0
t648276682,Tongue (prevalence),0
t637000332,Tongue (prevalence),0
t647000292,Tongue (prevalence),0.228571428571
t640753055,Tongue (prevalence),0.985714285714
t643886116,Tongue (prevalence),0
t648028047,Tongue (prevalence),0.0428571428571
t637000203,Tongue (prevalence),0.0857142857143
t642555107,Tongue (prevalence),0.171428571429
t650377958,Tongue (prevalence),0
t643886145,Tongue (prevalence),0
t637000046,Tongue (prevalence),0
t641736133,Tongue (prevalence),0
t641736156,Tongue (prevalence),0.0428571428571
t651324009,Tongue (prevalence),0
t642979316,Tongue (prevalence),0
t643886103,Tongue (prevalence),0
t639633028,Tongue (prevalence),0.0285714285714
t645951848,Tongue (prevalence),1
t641736227,Tongue (prevalence),0
t645058865,Tongue (prevalence),0
t649990004,Tongue (prevalence),0.942857142857
t645058705,Tongue (prevalence),0.114285714286
t649989980,Tongue (prevalence),0
t649633075,Tongue (prevalence),0.0571428571429
t642979321,Tongue (prevalence),0
t640069327,Tongue (prevalence),0
t645058834,Tongue (prevalence),1
t649989985,Tongue (prevalence),0.0142857142857
t642791621,Tongue (prevalence),0
t637000302,Tongue (prevalence),0.985714285714
t643348515,Tongue (prevalence),0
t651324039,Tongue (prevalence),1
t648028051,Tongue (prevalence),1
t645951837,Tongue (prevalence),0.285714285714
t649989917,Tongue (prevalence),0
t637000226,Tongue (prevalence),0
t641522636,Tongue (prevalence),0
t647000293,Tongue (prevalence),0
t643886203,Tongue (prevalence),0.0142857142857
t646206276,Tongue (prevalence),0
t643886142,Tongue (prevalence),0.0428571428571
t640427143,Tongue (prevalence),0
t647533194,Tongue (prevalence),0
t645951819,Tongue (prevalence),0.757142857143
t642979371,Tongue (prevalence),0
t645951802,Tongue (prevalence),0.828571428571
t643886107,Tongue (prevalence),0
t648276684,Tongue (prevalence),0
t647000331,Tongue (prevalence),1
t642979367,Tongue (prevalence),0
t643886055,Tongue (prevalence),0
t640963022,Tongue (prevalence),0.0142857142857
t640069315,Tongue (prevalence),0.171428571429
t643886146,Tongue (prevalence),0
t646206254,Tongue (prevalence),0
t640963016,Tongue (prevalence),0.114285714286
t651053073,Tongue (prevalence),1
t647533176,Tongue (prevalence),0.0285714285714
t644736358,Tongue (prevalence),0
t649990001,Tongue (prevalence),0.9
t649989956,Tongue (prevalence),0.271428571429
t642555160,Tongue (prevalence),0
t642979368,Tongue (prevalence),0
t646311901,Tongue (prevalence),0
t645951808,Tongue (prevalence),0.757142857143
t650633000,Tongue (prevalence),0
t640963023,Tongue (prevalence),0.0285714285714
t640963024,Tongue (prevalence),0
t650377904,Tongue (prevalence),0.0142857142857
t640753039,Tongue (prevalence),0.0285714285714
t649633013,Tongue (prevalence),0
t646206270,Tongue (prevalence),0
t641736113,Tongue (prevalence),0
t645951857,Tongue (prevalence),0.728571428571
t649989920,Tongue (prevalence),0.928571428571
t645058825,Tongue (prevalence),0
t645951855,Tongue (prevalence),0
t649989999,Tongue (prevalence),1
t649989993,Tongue (prevalence),0
t642979312,Tongue (prevalence),0
t647533186,Tongue (prevalence),0.328571428571
t645058748,Tongue (prevalence),0.871428571429
t647533178,Tongue (prevalence),0
t649989905,Tongue (prevalence),0.971428571429
t644736384,Tongue (prevalence),0.985714285714
t650377963,Nose (prevalence),0
t647533210,Nose (prevalence),0
t643886188,Nose (prevalence),0.037037037037
t643886194,Nose (prevalence),0.0185185185185
t641228495,Nose (prevalence),0
t646206250,Nose (prevalence),0
t647533181,Nose (prevalence),0
t647000288,Nose (prevalence),0
t644736382,Nose (prevalence),0
t647533172,Nose (prevalence),0.0555555555556
t647000207,Nose (prevalence),0
t646311928,Nose (prevalence),0.037037037037
t648276710,Nose (prevalence),0
t649990007,Nose (prevalence),0.0740740740741
t643886217,Nose (prevalence),0
t651053056,Nose (prevalence),0
t649990003,Nose (prevalence),0.0555555555556
t643886039,Nose (prevalence),0.037037037037
t650377943,Nose (prevalence),0
t643886110,Nose (prevalence),0
t645951833,Nose (prevalence),0
t649989989,Nose (prevalence),0
t646862342,Nose (prevalence),0.277777777778
t641736271,Nose (prevalence),0
t637000281,Nose (prevalence),0.981481481481
t643692016,Nose (prevalence),0
t641228498,Nose (prevalence),0
t641736205,Nose (prevalence),0.037037037037
t646206271,Nose (prevalence),0
t645951817,Nose (prevalence),0.037037037037
t639633010,Nose (prevalence),0
t642979306,Nose (prevalence),0
t648276633,Nose (prevalence),0
t642979320,Nose (prevalence),0
t643886010,Nose (prevalence),0.333333333333
t648276747,Nose (prevalence),0
t649633078,Nose (prevalence),0
t647000284,Nose (prevalence),0
t644736390,Nose (prevalence),0.0185185185185
t643886070,Nose (prevalence),0
t643886139,Nose (prevalence),0
t643886074,Nose (prevalence),0
t645951840,Nose (prevalence),0
t646311941,Nose (prevalence),0
t643886019,Nose (prevalence),0
t640963058,Nose (prevalence),0.037037037037
t642979305,Nose (prevalence),0.0185185185185
t645951804,Nose (prevalence),0
t649989952,Nose (prevalence),0.0185185185185
t651053005,Nose (prevalence),0
t643886113,Nose (prevalence),0
t649989928,Nose (prevalence),0
t649989912,Nose (prevalence),0
t647000231,Nose (prevalence),0
t642555104,Nose (prevalence),0
t648028033,Nose (prevalence),0
t640753008,Nose (prevalence),0
t648276674,Nose (prevalence),0.388888888889
t638341112,Nose (prevalence),0
t640753047,Nose (prevalence),0
t649990021,Nose (prevalence),0
t640612206,Nose (prevalence),0
t645058761,Nose (prevalence),0.0185185185185
t637000227,Nose (prevalence),0
t648276712,Nose (prevalence),0
t649989901,Nose (prevalence),0.0555555555556
t638341158,Nose (prevalence),0
t646564572,Nose (prevalence),0.0740740740741
t646564575,Nose (prevalence),0
t643886045,Nose (prevalence),0
t640753010,Nose (prevalence),0
t642555148,Nose (prevalence),0
t648276734,Nose (prevalence),0.462962962963
t649989988,Nose (prevalence),0
t647000268,Nose (prevalence),0
t643886181,Nose (prevalence),0
t640069308,Nose (prevalence),0
t643886199,Nose (prevalence),0
t640963057,Nose (prevalence),0
t648028055,Nose (prevalence),0.0185185185185
t646862322,Nose (prevalence),0.0925925925926
t643886200,Nose (prevalence),0.0185185185185
t649633084,Nose (prevalence),0
t646206269,Nose (prevalence),0
t650377938,Nose (prevalence),0
t643886063,Nose (prevalence),0.0185185185185
t642979369,Nose (prevalence),0
t646206275,Nose (prevalence),0
t638341196,Nose (prevalence),0
t637000284,Nose (prevalence),0.0185185185185
t649989950,Nose (prevalence),0
t645058800,Nose (prevalence),0.222222222222
t637000026,Nose (prevalence),0
t641380447,Nose (prevalence),0
t646206268,Nose (prevalence),0.0185185185185
t641736196,Nose (prevalence),0
t643886197,Nose (prevalence),0
t643886058,Nose (prevalence),0.833333333333
t645951810,Nose (prevalence),0.0185185185185
t648276749,Nose (prevalence),0
t642979370,Nose (prevalence),0
t648028010,Nose (prevalence),0
t637000271,Nose (prevalence),0
t644736327,Nose (prevalence),0
t646311956,Nose (prevalence),0
t650377975,Nose (prevalence),0
t643886143,Nose (prevalence),0
t642979356,Nose (prevalence),0
t639633048,Nose (prevalence),0
t648028043,Nose (prevalence),0
t640069321,Nose (prevalence),0
t641228489,Nose (prevalence),0
t651324012,Nose (prevalence),0
t645058738,Nose (prevalence),0
t649990016,Nose (prevalence),0.037037037037
t642791604,Nose (prevalence),0
t649989982,Nose (prevalence),0.148148148148
t648276739,Nose (prevalence),0.0555555555556
t643886084,Nose (prevalence),0.555555555556
t648028018,Nose (prevalence),0
t645058720,Nose (prevalence),0
t640753009,Nose (prevalence),0
t637000095,Nose (prevalence),0
t647000295,Nose (prevalence),0.037037037037
t641736189,Nose (prevalence),0
t648276716,Nose (prevalence),0
t643886208,Nose (prevalence),0
t646311946,Nose (prevalence),0
t649633041,Nose (prevalence),0
t643886040,Nose (prevalence),0
t643886057,Nose (prevalence),0.0185185185185
t649989969,Nose (prevalence),0
t649989906,Nose (prevalence),0
t637000077,Nose (prevalence),0
t649990026,Nose (prevalence),0
t643692019,Nose (prevalence),0.0925925925926
t651053029,Nose (prevalence),0.0185185185185
t649989996,Nose (prevalence),0
t648276634,Nose (prevalence),0.0555555555556
t643886009,Nose (prevalence),0
t640963025,Nose (prevalence),0
t641522638,Nose (prevalence),0
t643886151,Nose (prevalence),0.0185185185185
t640963014,Nose (prevalence),0
t645058712,Nose (prevalence),0
t645058788,Nose (prevalence),0
t643886111,Nose (prevalence),0
t643886006,Nose (prevalence),0
t647000289,Nose (prevalence),0
t644736367,Nose (prevalence),0
t643348560,Nose (prevalence),0.037037037037
t643886008,Nose (prevalence),0
t650377929,Nose (prevalence),0
t641736193,Nose (prevalence),0
t649633093,Nose (prevalence),0.0925925925926
t643886150,Nose (prevalence),0.0555555555556
t640427121,Nose (prevalence),0
t647000218,Nose (prevalence),0
t643692022,Nose (prevalence),0
t650377901,Nose (prevalence),0
t640753011,Nose (prevalence),0
t640753055,Nose (prevalence),0.037037037037
t644736366,Nose (prevalence),0
t648028047,Nose (prevalence),0
t642979361,Nose (prevalence),0
t648276732,Nose (prevalence),0
t637000092,Nose (prevalence),0
t645951869,Nose (prevalence),0
t637000046,Nose (prevalence),0
t641736171,Nose (prevalence),0
t641736156,Nose (prevalence),0
t644736381,Nose (prevalence),0
t651053058,Nose (prevalence),1
t649989971,Nose (prevalence),0.037037037037
t641522650,Nose (prevalence),0
t645951848,Nose (prevalence),0
t650377944,Nose (prevalence),0.0740740740741
t645058865,Nose (prevalence),0
t638341202,Nose (prevalence),0.0185185185185
t645951859,Nose (prevalence),0
t644736324,Nose (prevalence),0.0185185185185
t639279312,Nose (prevalence),0
t642979321,Nose (prevalence),0
t642979319,Nose (prevalence),0
t645058834,Nose (prevalence),0.0740740740741
t643886112,Nose (prevalence),0
t647000290,Nose (prevalence),0
t643886024,Nose (prevalence),0.0185185185185
t642979313,Nose (prevalence),0
t651324039,Nose (prevalence),0.351851851852
t647000254,Nose (prevalence),0.0185185185185
t643886109,Nose (prevalence),0
t650377925,Nose (prevalence),0
t643692018,Nose (prevalence),0
t641380421,Nose (prevalence),0
t643886015,Nose (prevalence),0
t643886203,Nose (prevalence),0
t647533146,Nose (prevalence),0
t648276682,Nose (prevalence),0.0185185185185
t643886104,Nose (prevalence),0
t643886193,Nose (prevalence),0
t649633012,Nose (prevalence),0
t640753001,Nose (prevalence),0
t645951802,Nose (prevalence),0
t647000283,Nose (prevalence),0
t642555107,Nose (prevalence),0
t647533156,Nose (prevalence),0
t642979359,Nose (prevalence),0
t645951834,Nose (prevalence),0
t642791613,Nose (prevalence),0
t640069315,Nose (prevalence),0.0185185185185
t645951836,Nose (prevalence),0.0185185185185
t642979316,Nose (prevalence),0
t649989987,Nose (prevalence),0
t649990011,Nose (prevalence),0.0185185185185
t642979358,Nose (prevalence),0
t647000215,Nose (prevalence),0
t649990001,Nose (prevalence),0
t648861012,Nose (prevalence),0
t645058705,Nose (prevalence),0
t637000327,Nose (prevalence),0
t648276715,Nose (prevalence),0
t649633064,Nose (prevalence),0
t646564552,Nose (prevalence),0.222222222222
t640963023,Nose (prevalence),0
t640753048,Nose (prevalence),0
t642791621,Nose (prevalence),0
t645058719,Nose (prevalence),0.481481481481
t649990014,Nose (prevalence),0.222222222222
t649989986,Nose (prevalence),0
t639633027,Nose (prevalence),0
t645951837,Nose (prevalence),0
t645951835,Nose (prevalence),0
t637000226,Nose (prevalence),0
t641736197,Nose (prevalence),0
t649633094,Nose (prevalence),0
t643886148,Nose (prevalence),0
t645951831,Nose (prevalence),0
t643886142,Nose (prevalence),0
t645951860,Nose (prevalence),0
t647533194,Nose (prevalence),0
t637000163,Nose (prevalence),0
t643886206,Nose (prevalence),0
t650716089,Nose (prevalence),0.0740740740741
t646206251,Nose (prevalence),0
t648276684,Nose (prevalence),0
t642979351,Nose (prevalence),0
t642979367,Nose (prevalence),0
t637000221,Nose (prevalence),0
t650716045,Nose (prevalence),0.0185185185185
t640963046,Nose (prevalence),0
t641380427,Nose (prevalence),0
t643886198,Nose (prevalence),0.0185185185185
t644736346,Nose (prevalence),0
t651053073,Nose (prevalence),0.037037037037
t650377966,Nose (prevalence),0.0185185185185
t641380422,Nose (prevalence),0
t637000127,Nose (prevalence),0
t646311937,Nose (prevalence),0
t641522641,Nose (prevalence),0
t650377974,Nose (prevalence),0.0185185185185
t646311901,Nose (prevalence),0
t642555169,Nose (prevalence),0
t647000302,Nose (prevalence),0
t649989970,Nose (prevalence),0.0185185185185
t643886050,Nose (prevalence),0
t648276713,Nose (prevalence),0.0185185185185
t649989922,Nose (prevalence),0
t649633013,Nose (prevalence),0
t648028005,Nose (prevalence),0
t641736113,Nose (prevalence),0
t650377954,Nose (prevalence),0.0185185185185
t649989920,Nose (prevalence),0
t648276753,Nose (prevalence),0.0185185185185
t645951825,Nose (prevalence),0
t649989999,Nose (prevalence),0
t642555133,Nose (prevalence),0
t642979312,Nose (prevalence),0
t641380428,Nose (prevalence),0
t645058748,Nose (prevalence),0.0555555555556
t637000332,Nose (prevalence),0
t647000292,Nose (prevalence),0.0185185185185
t645951855,Nose (prevalence),0.0185185185185
t643886116,Nose (prevalence),0
t645951857,Nose (prevalence),0
t637000203,Nose (prevalence),0
t645058825,Nose (prevalence),0
t650377958,Nose (prevalence),0
t643886145,Nose (prevalence),0
t649989905,Nose (prevalence),0.0740740740741
t641736133,Nose (prevalence),0
t643886146,Nose (prevalence),0
t651324009,Nose (prevalence),0.0185185185185
t646206254,Nose (prevalence),0
t643886103,Nose (prevalence),0
t639633028,Nose (prevalence),0
t647533178,Nose (prevalence),0
t641736227,Nose (prevalence),0
t649989956,Nose (prevalence),0
t649990004,Nose (prevalence),0
t642555160,Nose (prevalence),0.037037037037
t649989980,Nose (prevalence),0
t649633075,Nose (prevalence),0
t647533186,Nose (prevalence),0
t640069327,Nose (prevalence),0
t640963024,Nose (prevalence),0
t649989985,Nose (prevalence),0
t650377904,Nose (prevalence),0
t637000302,Nose (prevalence),0.037037037037
t643348515,Nose (prevalence),0
t646206270,Nose (prevalence),0.0185185185185
t648028051,Nose (prevalence),0.0740740740741
t643886107,Nose (prevalence),0
t649989917,Nose (prevalence),0
t647000331,Nose (prevalence),0.0740740740741
t641522636,Nose (prevalence),0
t647000293,Nose (prevalence),0.0925925925926
t649989993,Nose (prevalence),0
t646206276,Nose (prevalence),0
t642979371,Nose (prevalence),0
t640427143,Nose (prevalence),0
t640963016,Nose (prevalence),0.0185185185185
t645951819,Nose (prevalence),0
t650633000,Nose (prevalence),0
t644736384,Nose (prevalence),0
t643886055,Nose (prevalence),0
t640963022,Nose (prevalence),0
t640753039,Nose (prevalence),0
t642979368,Nose (prevalence),0
t644736358,Nose (prevalence),0
t645951808,Nose (prevalence),0
t647533176,Nose (prevalence),0
t647533181,Vagina (prevalence),0
t646206250,Vagina (prevalence),0
t647533210,Vagina (prevalence),0
t643886194,Vagina (prevalence),0
t644736382,Vagina (prevalence),0
t649990007,Vagina (prevalence),0
t641736196,Vagina (prevalence),0
t647000288,Vagina (prevalence),0
t649990003,Vagina (prevalence),0
t641228495,Vagina (prevalence),0
t650377943,Vagina (prevalence),0
t651053056,Vagina (prevalence),0
t638341196,Vagina (prevalence),0
t637000271,Vagina (prevalence),0.0333333333333
t646862342,Vagina (prevalence),0
t641736271,Vagina (prevalence),0
t646311928,Vagina (prevalence),0.333333333333
t643692016,Vagina (prevalence),0
t646564572,Vagina (prevalence),0
t641736205,Vagina (prevalence),0.0666666666667
t648028043,Vagina (prevalence),0
t645951817,Vagina (prevalence),0
t641228489,Vagina (prevalence),0
t650377963,Vagina (prevalence),0.0333333333333
t648276633,Vagina (prevalence),0
t647000268,Vagina (prevalence),0
t643886010,Vagina (prevalence),0
t649989982,Vagina (prevalence),0.166666666667
t649633078,Vagina (prevalence),0.0333333333333
t643886084,Vagina (prevalence),0
t643886188,Vagina (prevalence),0
t643886070,Vagina (prevalence),0
t643886200,Vagina (prevalence),0.1
t643886074,Vagina (prevalence),0
t647000295,Vagina (prevalence),0.233333333333
t646311941,Vagina (prevalence),0
t648276716,Vagina (prevalence),0
t647533172,Vagina (prevalence),0
t642979305,Vagina (prevalence),0
t645951833,Vagina (prevalence),0
t649989952,Vagina (prevalence),0
t649989950,Vagina (prevalence),0
t647000207,Vagina (prevalence),0
t649989906,Vagina (prevalence),0
t648276710,Vagina (prevalence),0
t647000231,Vagina (prevalence),0
t643886217,Vagina (prevalence),0.666666666667
t648028033,Vagina (prevalence),0.0333333333333
t643886058,Vagina (prevalence),0
t643886039,Vagina (prevalence),0
t643886009,Vagina (prevalence),0
t643886110,Vagina (prevalence),0
t649990021,Vagina (prevalence),0
t649989989,Vagina (prevalence),0
t645058761,Vagina (prevalence),0.0333333333333
t646311956,Vagina (prevalence),0
t637000281,Vagina (prevalence),0
t643886111,Vagina (prevalence),0.0333333333333
t641228498,Vagina (prevalence),0
t647000289,Vagina (prevalence),0.0333333333333
t646206271,Vagina (prevalence),0
t643886045,Vagina (prevalence),0
t639633010,Vagina (prevalence),0
t642979306,Vagina (prevalence),0.0333333333333
t641736193,Vagina (prevalence),0
t642979320,Vagina (prevalence),0
t643886150,Vagina (prevalence),0
t648276747,Vagina (prevalence),0
t640069308,Vagina (prevalence),0
t647000284,Vagina (prevalence),0
t644736390,Vagina (prevalence),0
t640753011,Vagina (prevalence),0
t643886139,Vagina (prevalence),0
t644736366,Vagina (prevalence),0
t645951840,Vagina (prevalence),0
t646206269,Vagina (prevalence),0
t643886019,Vagina (prevalence),0
t640963058,Vagina (prevalence),0
t645951869,Vagina (prevalence),0
t645951804,Vagina (prevalence),0
t641736171,Vagina (prevalence),0
t651053005,Vagina (prevalence),0
t643886113,Vagina (prevalence),0.0333333333333
t649989928,Vagina (prevalence),0.133333333333
t649989912,Vagina (prevalence),0
t641522650,Vagina (prevalence),0
t642555104,Vagina (prevalence),0.0333333333333
t650377944,Vagina (prevalence),0
t640753008,Vagina (prevalence),0.0666666666667
t648276674,Vagina (prevalence),0.2
t638341112,Vagina (prevalence),0
t640753047,Vagina (prevalence),0
t639279312,Vagina (prevalence),0
t640612206,Vagina (prevalence),0
t642979319,Vagina (prevalence),0
t637000227,Vagina (prevalence),0
t648276712,Vagina (prevalence),0
t649989901,Vagina (prevalence),0
t638341158,Vagina (prevalence),0
t642979313,Vagina (prevalence),0
t646564575,Vagina (prevalence),0
t647000254,Vagina (prevalence),0.0333333333333
t640753010,Vagina (prevalence),0
t642555148,Vagina (prevalence),0
t648276734,Vagina (prevalence),0
t649989988,Vagina (prevalence),0
t643886015,Vagina (prevalence),0
t643886181,Vagina (prevalence),0
t647533146,Vagina (prevalence),0
t643886199,Vagina (prevalence),0
t640963057,Vagina (prevalence),0
t648028055,Vagina (prevalence),0
t646862322,Vagina (prevalence),0
t640753001,Vagina (prevalence),0
t649633084,Vagina (prevalence),0
t647000283,Vagina (prevalence),0
t650377938,Vagina (prevalence),0
t643886063,Vagina (prevalence),0.166666666667
t642979369,Vagina (prevalence),0
t646206275,Vagina (prevalence),0
t642791613,Vagina (prevalence),0
t637000284,Vagina (prevalence),0
t645951836,Vagina (prevalence),0
t645058800,Vagina (prevalence),0
t637000026,Vagina (prevalence),0
t641380447,Vagina (prevalence),0.0333333333333
t646206268,Vagina (prevalence),0
t647000215,Vagina (prevalence),0.0333333333333
t643886197,Vagina (prevalence),0
t648861012,Vagina (prevalence),0
t645951810,Vagina (prevalence),0.0333333333333
t648276749,Vagina (prevalence),0
t642979370,Vagina (prevalence),0
t648028010,Vagina (prevalence),0
t646564552,Vagina (prevalence),0
t644736327,Vagina (prevalence),0
t640753048,Vagina (prevalence),0
t650377975,Vagina (prevalence),0
t643886143,Vagina (prevalence),0
t642979356,Vagina (prevalence),0
t639633048,Vagina (prevalence),0
t639633027,Vagina (prevalence),0
t640069321,Vagina (prevalence),0
t645951835,Vagina (prevalence),0
t651324012,Vagina (prevalence),0.0333333333333
t645058738,Vagina (prevalence),0
t649990016,Vagina (prevalence),0
t642791604,Vagina (prevalence),0
t645951831,Vagina (prevalence),0.0333333333333
t648276739,Vagina (prevalence),0
t645951860,Vagina (prevalence),0
t648028018,Vagina (prevalence),0
t645058720,Vagina (prevalence),0
t640753009,Vagina (prevalence),0
t637000095,Vagina (prevalence),0
t646206251,Vagina (prevalence),0
t641736189,Vagina (prevalence),0
t642979351,Vagina (prevalence),0
t643886208,Vagina (prevalence),0
t646311946,Vagina (prevalence),0.0666666666667
t649633041,Vagina (prevalence),0
t643886040,Vagina (prevalence),0
t643886057,Vagina (prevalence),0
t649989969,Vagina (prevalence),0
t644736346,Vagina (prevalence),0
t637000077,Vagina (prevalence),0
t649990026,Vagina (prevalence),0
t643692019,Vagina (prevalence),0
t651053029,Vagina (prevalence),0.0333333333333
t649989996,Vagina (prevalence),0
t648276634,Vagina (prevalence),0.0333333333333
t650377974,Vagina (prevalence),0
t640963025,Vagina (prevalence),0
t641522638,Vagina (prevalence),0
t643886151,Vagina (prevalence),0
t640963014,Vagina (prevalence),0
t645058712,Vagina (prevalence),0.233333333333
t645058788,Vagina (prevalence),0
t649989922,Vagina (prevalence),0
t643886006,Vagina (prevalence),0
t648028005,Vagina (prevalence),0
t644736367,Vagina (prevalence),0.0666666666667
t643348560,Vagina (prevalence),0
t643886008,Vagina (prevalence),0
t650377929,Vagina (prevalence),0
t645951825,Vagina (prevalence),0
t649633093,Vagina (prevalence),0.0333333333333
t642555133,Vagina (prevalence),0
t640427121,Vagina (prevalence),0
t647000218,Vagina (prevalence),0
t643692022,Vagina (prevalence),0
t650377901,Vagina (prevalence),0
t647000292,Vagina (prevalence),0.2
t640753055,Vagina (prevalence),0
t643886116,Vagina (prevalence),0
t648028047,Vagina (prevalence),0
t642979361,Vagina (prevalence),0
t648276732,Vagina (prevalence),0
t637000092,Vagina (prevalence),0
t643886145,Vagina (prevalence),0.0333333333333
t637000046,Vagina (prevalence),0.0666666666667
t641736133,Vagina (prevalence),0
t641736156,Vagina (prevalence),0
t644736381,Vagina (prevalence),0
t651053058,Vagina (prevalence),0.233333333333
t649989971,Vagina (prevalence),0
t639633028,Vagina (prevalence),0
t645951848,Vagina (prevalence),0
t641736227,Vagina (prevalence),0
t645058865,Vagina (prevalence),0
t638341202,Vagina (prevalence),0.0333333333333
t645951859,Vagina (prevalence),0
t644736324,Vagina (prevalence),0
t649633075,Vagina (prevalence),0
t642979321,Vagina (prevalence),0
t640069327,Vagina (prevalence),0
t645058834,Vagina (prevalence),0
t643886112,Vagina (prevalence),0
t647000290,Vagina (prevalence),0.0666666666667
t643886024,Vagina (prevalence),0
t643348515,Vagina (prevalence),0
t651324039,Vagina (prevalence),0
t650377954,Vagina (prevalence),0
t643886109,Vagina (prevalence),0
t650377925,Vagina (prevalence),0
t643692018,Vagina (prevalence),0
t641380421,Vagina (prevalence),0.0333333333333
t647000293,Vagina (prevalence),0.0666666666667
t643886203,Vagina (prevalence),0
t641380428,Vagina (prevalence),0
t648276682,Vagina (prevalence),0.4
t643886104,Vagina (prevalence),0
t643886193,Vagina (prevalence),0
t649633012,Vagina (prevalence),0
t642979371,Vagina (prevalence),0
t645951802,Vagina (prevalence),0
t637000203,Vagina (prevalence),0
t642555107,Vagina (prevalence),0
t647533156,Vagina (prevalence),0
t642979359,Vagina (prevalence),0
t645951834,Vagina (prevalence),0
t640963022,Vagina (prevalence),0
t640069315,Vagina (prevalence),0
t651324009,Vagina (prevalence),0
t642979316,Vagina (prevalence),0
t649989987,Vagina (prevalence),0
t649990011,Vagina (prevalence),0
t642979358,Vagina (prevalence),0
t644736358,Vagina (prevalence),0
t649990001,Vagina (prevalence),0.0666666666667
t649990004,Vagina (prevalence),0
t645058705,Vagina (prevalence),0
t637000327,Vagina (prevalence),0
t648276715,Vagina (prevalence),0.133333333333
t649633064,Vagina (prevalence),0
t650633000,Vagina (prevalence),0
t640963023,Vagina (prevalence),0.0333333333333
t649989985,Vagina (prevalence),0.0333333333333
t642791621,Vagina (prevalence),0
t645058719,Vagina (prevalence),0
t649990014,Vagina (prevalence),0
t649989986,Vagina (prevalence),0
t648028051,Vagina (prevalence),0
t645951837,Vagina (prevalence),0
t649989917,Vagina (prevalence),0
t637000226,Vagina (prevalence),0
t641736197,Vagina (prevalence),0
t649633094,Vagina (prevalence),0
t643886148,Vagina (prevalence),0
t646206276,Vagina (prevalence),0.166666666667
t643886142,Vagina (prevalence),0.0333333333333
t640427143,Vagina (prevalence),0
t647533194,Vagina (prevalence),0
t637000163,Vagina (prevalence),0
t643886206,Vagina (prevalence),0
t650716089,Vagina (prevalence),0
t643886107,Vagina (prevalence),0
t648276684,Vagina (prevalence),0
t647000331,Vagina (prevalence),0
t642979367,Vagina (prevalence),0
t637000221,Vagina (prevalence),0.166666666667
t650716045,Vagina (prevalence),0
t640963046,Vagina (prevalence),0
t641380427,Vagina (prevalence),0
t643886198,Vagina (prevalence),0
t640963016,Vagina (prevalence),0.0666666666667
t651053073,Vagina (prevalence),0
t650377966,Vagina (prevalence),0.0333333333333
t641380422,Vagina (prevalence),0
t637000127,Vagina (prevalence),0
t646311937,Vagina (prevalence),0
t641522641,Vagina (prevalence),0.0333333333333
t642979368,Vagina (prevalence),0
t646311901,Vagina (prevalence),0
t642555169,Vagina (prevalence),0
t647000302,Vagina (prevalence),0
t649989970,Vagina (prevalence),0
t643886050,Vagina (prevalence),0.4
t648276713,Vagina (prevalence),0.0666666666667
t640753039,Vagina (prevalence),0.0333333333333
t649633013,Vagina (prevalence),0
t645951855,Vagina (prevalence),0
t641736113,Vagina (prevalence),0
t645951857,Vagina (prevalence),0
t649989920,Vagina (prevalence),0.0333333333333
t648276753,Vagina (prevalence),0
t650377958,Vagina (prevalence),0
t649989999,Vagina (prevalence),0
t649989905,Vagina (prevalence),0.0333333333333
t642979312,Vagina (prevalence),0
t643886146,Vagina (prevalence),0
t645058748,Vagina (prevalence),0.0333333333333
t637000332,Vagina (prevalence),0.233333333333
t643886103,Vagina (prevalence),0
t637000302,Vagina (prevalence),0
t647533178,Vagina (prevalence),0
t646206270,Vagina (prevalence),0
t649989956,Vagina (prevalence),0
t645058825,Vagina (prevalence),0
t642555160,Vagina (prevalence),0.0333333333333
t649989980,Vagina (prevalence),0
t641522636,Vagina (prevalence),0
t647533186,Vagina (prevalence),0
t649989993,Vagina (prevalence),0
t640963024,Vagina (prevalence),0
t646206254,Vagina (prevalence),0
t650377904,Vagina (prevalence),0
t643886055,Vagina (prevalence),0.1
t645951819,Vagina (prevalence),0
t647533176,Vagina (prevalence),0.6
t644736384,Vagina (prevalence),0
t645951808,Vagina (prevalence),0
t641228498,Skin (prevalence),0.111111111111
t640963058,Skin (prevalence),0.222222222222
t642979320,Skin (prevalence),0
t651053056,Skin (prevalence),0
t642979306,Skin (prevalence),0.333333333333
t644736382,Skin (prevalence),0
t646862342,Skin (prevalence),0.222222222222
t644736390,Skin (prevalence),0.444444444444
t649989912,Skin (prevalence),0.333333333333
t643886139,Skin (prevalence),0
t641736205,Skin (prevalence),0.555555555556
t643886074,Skin (prevalence),0.111111111111
t646206250,Skin (prevalence),0
t645951817,Skin (prevalence),0.333333333333
t647000288,Skin (prevalence),0
t640753047,Skin (prevalence),0
t645951804,Skin (prevalence),0
t643886010,Skin (prevalence),1
t643886181,Skin (prevalence),0
t643886194,Skin (prevalence),0.111111111111
t649633078,Skin (prevalence),0.222222222222
t647533210,Skin (prevalence),0
t638341158,Skin (prevalence),0
t642555104,Skin (prevalence),0.111111111111
t646564575,Skin (prevalence),0
t649633084,Skin (prevalence),0
t647533181,Skin (prevalence),0
t646311941,Skin (prevalence),0.111111111111
t641228495,Skin (prevalence),0
t649989988,Skin (prevalence),0
t640612206,Skin (prevalence),0.111111111111
t638341196,Skin (prevalence),0
t637000284,Skin (prevalence),0
t649990007,Skin (prevalence),0.222222222222
t647000207,Skin (prevalence),0
t646311928,Skin (prevalence),0.222222222222
t646862322,Skin (prevalence),0.222222222222
t646206268,Skin (prevalence),0.111111111111
t641736196,Skin (prevalence),0.222222222222
t643886197,Skin (prevalence),0.111111111111
t649990003,Skin (prevalence),0.333333333333
t643886039,Skin (prevalence),0.555555555556
t650377943,Skin (prevalence),0
t646206275,Skin (prevalence),0
t648028010,Skin (prevalence),0.111111111111
t637000271,Skin (prevalence),0
t644736327,Skin (prevalence),0.111111111111
t641736271,Skin (prevalence),0
t637000281,Skin (prevalence),1
t643692016,Skin (prevalence),0
t646564572,Skin (prevalence),0.111111111111
t639633048,Skin (prevalence),0
t648028043,Skin (prevalence),0
t640069321,Skin (prevalence),0
t641228489,Skin (prevalence),0.111111111111
t650377963,Skin (prevalence),0
t648276633,Skin (prevalence),0.222222222222
t647000268,Skin (prevalence),0
t642791604,Skin (prevalence),0.111111111111
t649989982,Skin (prevalence),0.222222222222
t648276739,Skin (prevalence),0.333333333333
t643886084,Skin (prevalence),0.777777777778
t643886188,Skin (prevalence),0.333333333333
t643886070,Skin (prevalence),0
t643886200,Skin (prevalence),0.111111111111
t637000095,Skin (prevalence),0
t647000295,Skin (prevalence),0
t641736189,Skin (prevalence),0
t648276716,Skin (prevalence),0
t647533172,Skin (prevalence),0.222222222222
t642979305,Skin (prevalence),0.222222222222
t645951833,Skin (prevalence),0.222222222222
t649989952,Skin (prevalence),0.111111111111
t649989950,Skin (prevalence),0
t649989969,Skin (prevalence),0
t649989906,Skin (prevalence),0.111111111111
t648276710,Skin (prevalence),0
t647000231,Skin (prevalence),0
t643886217,Skin (prevalence),0.111111111111
t648028033,Skin (prevalence),0
t643886058,Skin (prevalence),0.555555555556
t648276634,Skin (prevalence),0.666666666667
t643886009,Skin (prevalence),0
t643886110,Skin (prevalence),0.111111111111
t649990021,Skin (prevalence),0.111111111111
t649989989,Skin (prevalence),0.111111111111
t645058761,Skin (prevalence),0
t646311956,Skin (prevalence),0
t645058788,Skin (prevalence),0
t643886111,Skin (prevalence),0.111111111111
t643886006,Skin (prevalence),0.111111111111
t647000289,Skin (prevalence),0
t646206271,Skin (prevalence),0.111111111111
t643886045,Skin (prevalence),0
t639633010,Skin (prevalence),0.111111111111
t650377929,Skin (prevalence),0
t641736193,Skin (prevalence),0
t649633093,Skin (prevalence),0.333333333333
t643886150,Skin (prevalence),0.444444444444
t648276747,Skin (prevalence),0
t640069308,Skin (prevalence),0
t647000284,Skin (prevalence),0
t650377901,Skin (prevalence),0
t640753011,Skin (prevalence),0
t640753055,Skin (prevalence),0.111111111111
t644736366,Skin (prevalence),0.111111111111
t645951840,Skin (prevalence),0
t646206269,Skin (prevalence),0
t643886019,Skin (prevalence),0
t637000092,Skin (prevalence),0
t645951869,Skin (prevalence),0
t637000046,Skin (prevalence),0
t641736171,Skin (prevalence),0
t651053005,Skin (prevalence),0
t643886113,Skin (prevalence),0.333333333333
t649989928,Skin (prevalence),0
t649989971,Skin (prevalence),0.111111111111
t641522650,Skin (prevalence),0
t645951848,Skin (prevalence),0
t650377944,Skin (prevalence),0
t640753008,Skin (prevalence),0.444444444444
t648276674,Skin (prevalence),0.111111111111
t638341112,Skin (prevalence),0
t644736324,Skin (prevalence),0
t639279312,Skin (prevalence),0
t642979321,Skin (prevalence),0
t642979319,Skin (prevalence),0.222222222222
t637000227,Skin (prevalence),0
t648276712,Skin (prevalence),0.111111111111
t649989901,Skin (prevalence),0.333333333333
t643886024,Skin (prevalence),0
t642979313,Skin (prevalence),0.111111111111
t651324039,Skin (prevalence),0.555555555556
t647000254,Skin (prevalence),0.222222222222
t640753010,Skin (prevalence),0
t642555148,Skin (prevalence),0
t648276734,Skin (prevalence),0.888888888889
t641380421,Skin (prevalence),0
t643886015,Skin (prevalence),0
t643886203,Skin (prevalence),0.111111111111
t647533146,Skin (prevalence),0
t643886199,Skin (prevalence),0
t640963057,Skin (prevalence),0.111111111111
t648028055,Skin (prevalence),0
t649633012,Skin (prevalence),0
t640753001,Skin (prevalence),0
t645951802,Skin (prevalence),0
t647000283,Skin (prevalence),0.333333333333
t650377938,Skin (prevalence),0.111111111111
t643886063,Skin (prevalence),0
t642979369,Skin (prevalence),0.111111111111
t645951834,Skin (prevalence),0.222222222222
t642791613,Skin (prevalence),0.111111111111
t640069315,Skin (prevalence),0.111111111111
t645951836,Skin (prevalence),0.111111111111
t645058800,Skin (prevalence),0.444444444444
t637000026,Skin (prevalence),0.111111111111
t641380447,Skin (prevalence),0.222222222222
t642979358,Skin (prevalence),0
t647000215,Skin (prevalence),0.111111111111
t649990001,Skin (prevalence),0
t648861012,Skin (prevalence),0
t645951810,Skin (prevalence),0.333333333333
t648276749,Skin (prevalence),0
t642979370,Skin (prevalence),0.111111111111
t649633064,Skin (prevalence),0
t646564552,Skin (prevalence),0
t640963023,Skin (prevalence),0.222222222222
t640753048,Skin (prevalence),0
t650377975,Skin (prevalence),0
t643886143,Skin (prevalence),0.111111111111
t642979356,Skin (prevalence),0.111111111111
t649989986,Skin (prevalence),0
t639633027,Skin (prevalence),0
t645951837,Skin (prevalence),0
t645951835,Skin (prevalence),0
t651324012,Skin (prevalence),0.333333333333
t645058738,Skin (prevalence),0
t649990016,Skin (prevalence),0
t643886148,Skin (prevalence),0
t645951831,Skin (prevalence),0.333333333333
t643886142,Skin (prevalence),0
t645951860,Skin (prevalence),0.111111111111
t648028018,Skin (prevalence),0
t645058720,Skin (prevalence),0.111111111111
t640753009,Skin (prevalence),0.111111111111
t650716089,Skin (prevalence),0.222222222222
t646206251,Skin (prevalence),0
t648276684,Skin (prevalence),0
t642979351,Skin (prevalence),0.111111111111
t643886208,Skin (prevalence),0.111111111111
t646311946,Skin (prevalence),0
t649633041,Skin (prevalence),0
t643886040,Skin (prevalence),0
t643886057,Skin (prevalence),0.111111111111
t643886198,Skin (prevalence),0.111111111111
t644736346,Skin (prevalence),0
t637000077,Skin (prevalence),0
t649990026,Skin (prevalence),0
t643692019,Skin (prevalence),0.111111111111
t651053029,Skin (prevalence),0
t649989996,Skin (prevalence),0.111111111111
t641522641,Skin (prevalence),0
t650377974,Skin (prevalence),0
t640963025,Skin (prevalence),0.111111111111
t641522638,Skin (prevalence),0
t643886151,Skin (prevalence),0
t640963014,Skin (prevalence),0
t645058712,Skin (prevalence),0
t648276713,Skin (prevalence),0.111111111111
t649989922,Skin (prevalence),0
t649633013,Skin (prevalence),0
t648028005,Skin (prevalence),0
t644736367,Skin (prevalence),0.333333333333
t643348560,Skin (prevalence),0
t643886008,Skin (prevalence),0
t648276753,Skin (prevalence),0.111111111111
t645951825,Skin (prevalence),0
t649989999,Skin (prevalence),0.111111111111
t642555133,Skin (prevalence),0
t640427121,Skin (prevalence),0.111111111111
t647000218,Skin (prevalence),0
t643692022,Skin (prevalence),0
t637000332,Skin (prevalence),0
t647000292,Skin (prevalence),0
t645951855,Skin (prevalence),0
t643886116,Skin (prevalence),0.111111111111
t648028047,Skin (prevalence),0
t642979361,Skin (prevalence),0
t648276732,Skin (prevalence),0
t650377958,Skin (prevalence),0.111111111111
t643886145,Skin (prevalence),0
t649989905,Skin (prevalence),0.333333333333
t641736133,Skin (prevalence),0.111111111111
t641736156,Skin (prevalence),0
t644736381,Skin (prevalence),0
t651053058,Skin (prevalence),1
t643886103,Skin (prevalence),0.111111111111
t639633028,Skin (prevalence),0
t647533178,Skin (prevalence),0
t641736227,Skin (prevalence),0
t645058865,Skin (prevalence),0
t638341202,Skin (prevalence),0
t645951859,Skin (prevalence),0
t649989980,Skin (prevalence),0
t649633075,Skin (prevalence),0
t647533186,Skin (prevalence),0
t640069327,Skin (prevalence),0
t645058834,Skin (prevalence),0.222222222222
t643886112,Skin (prevalence),0
t647000290,Skin (prevalence),0
t637000302,Skin (prevalence),0.333333333333
t643348515,Skin (prevalence),0
t641736113,Skin (prevalence),0
t650377954,Skin (prevalence),0
t643886109,Skin (prevalence),0
t650377925,Skin (prevalence),0.111111111111
t643692018,Skin (prevalence),0
t641522636,Skin (prevalence),0
t647000293,Skin (prevalence),0.111111111111
t642979312,Skin (prevalence),0.111111111111
t641380428,Skin (prevalence),0
t648276682,Skin (prevalence),0.222222222222
t643886104,Skin (prevalence),0.111111111111
t643886193,Skin (prevalence),0.111111111111
t645951819,Skin (prevalence),0.222222222222
t642979371,Skin (prevalence),0
t645951857,Skin (prevalence),0.111111111111
t637000203,Skin (prevalence),0
t642555107,Skin (prevalence),0.111111111111
t647533156,Skin (prevalence),0
t642979359,Skin (prevalence),0
t643886055,Skin (prevalence),0
t640963022,Skin (prevalence),0.111111111111
t643886146,Skin (prevalence),0.111111111111
t651324009,Skin (prevalence),0
t642979316,Skin (prevalence),0
t649989987,Skin (prevalence),0.111111111111
t649990011,Skin (prevalence),0
t647533176,Skin (prevalence),0.111111111111
t644736358,Skin (prevalence),0.111111111111
t649989956,Skin (prevalence),0
t649990004,Skin (prevalence),0.222222222222
t645058705,Skin (prevalence),0
t637000327,Skin (prevalence),0
t648276715,Skin (prevalence),0
t645951808,Skin (prevalence),0.222222222222
t650633000,Skin (prevalence),0
t640963024,Skin (prevalence),0.111111111111
t649989985,Skin (prevalence),0
t642791621,Skin (prevalence),0
t645058719,Skin (prevalence),0.555555555556
t649990014,Skin (prevalence),0.555555555556
t646206270,Skin (prevalence),0.111111111111
t648028051,Skin (prevalence),0.555555555556
t649989920,Skin (prevalence),0.333333333333
t649989917,Skin (prevalence),0
t637000226,Skin (prevalence),0
t641736197,Skin (prevalence),0
t649633094,Skin (prevalence),0.111111111111
t649989993,Skin (prevalence),0
t646206276,Skin (prevalence),0
t645058748,Skin (prevalence),0.444444444444
t640427143,Skin (prevalence),0
t647533194,Skin (prevalence),0
t637000163,Skin (prevalence),0
t643886206,Skin (prevalence),0
t644736384,Skin (prevalence),0.222222222222
t643886107,Skin (prevalence),0
t645058825,Skin (prevalence),0.444444444444
t647000331,Skin (prevalence),0.333333333333
t642979367,Skin (prevalence),0
t637000221,Skin (prevalence),0.111111111111
t650716045,Skin (prevalence),0
t640963046,Skin (prevalence),0.111111111111
t641380427,Skin (prevalence),0.111111111111
t646206254,Skin (prevalence),0.111111111111
t640963016,Skin (prevalence),0.222222222222
t651053073,Skin (prevalence),0.222222222222
t650377966,Skin (prevalence),0.444444444444
t641380422,Skin (prevalence),0
t637000127,Skin (prevalence),0
t646311937,Skin (prevalence),0
t642555160,Skin (prevalence),0
t642979368,Skin (prevalence),0
t646311901,Skin (prevalence),0
t642555169,Skin (prevalence),0
t647000302,Skin (prevalence),0
t649989970,Skin (prevalence),0.444444444444
t643886050,Skin (prevalence),0
t650377904,Skin (prevalence),0.333333333333
t640753039,Skin (prevalence),0
